9283	osa10465910	7	7240776:7240776	G/A	0.38478	G	grain selenium concentrations	3.89e-20	10.47		31734869		Biochemical(103)		7240776	yes	G/G
9821	osa10517762	7	8178376:8178376	T/C	0.327623	T	sulfur content	3.47e-06			35371188		Biochemical(103)		8178376	yes	T/T
9822	osa10517762	7	8178376:8178376	T/C	0.327623	T	sulfur content	3.55e-09		1.0	35371188		Biochemical(103)		8178376	yes	T/T
12508	osa10589211	7	9333927:9333927	G/A	0.349103	G	stem diameter	4.01e-11			33159401		Plantmorphology(191)		9333927	yes	G/G
12509	osa10589211	7	9333927:9333927	G/A	0.349103	G	stem diameter	4.76e-11			33159401		Plantmorphology(191)		9333927	yes	G/G
12633	osa10591099	7	9369427:9369427	G/A	0.382437	G	grain yield trait	4.52e-05			31792643		Yield(14)		9369427	yes	G/G
12717	osa10595770	7	9436160:9436160	T/C	0.327547	T	stem diameter	6.39e-11			33159401		Plantmorphology(191)		9436160	yes	T/T
12718	osa10595770	7	9436160:9436160	T/C	0.327547	T	stem diameter	6.44e-11			33159401		Plantmorphology(191)		9436160	yes	T/T
14149	osa10600908	7	9522729:9522729	G/A	0.476344	G	stem diameter	3.83e-11			33159401		Plantmorphology(191)		9522729	yes	G/G
14150	osa10600908	7	9522729:9522729	G/A	0.476344	G	stem diameter	3.1e-11			33159401		Plantmorphology(191)		9522729	yes	G/G
20959	osa1088928	1	22406018:22406018	A/G	0.361621	A	grain yield trait	4.46e-05			31792643		Yield(14)		22406018	yes	A/A
21147	osa10957216	7	16921989:16921989	T/G	0.36529	T	panicle length	6.05e-07			34487253		Plantmorphology(191)		16921989	yes	T/T
21334	osa10968523	7	17180956:17180956	T/A	0.392029	T	stem diameter	3.93e-12			33159401		Plantmorphology(191)		17180956	yes	T/T
21335	osa10968523	7	17180956:17180956	T/A	0.392029	T	stem diameter	5.92e-13			33159401		Plantmorphology(191)		17180956	yes	T/T
21336	osa10968523	7	17180956:17180956	T/A	0.392029	T	stem diameter	1.55e-11			33159401		Plantmorphology(191)		17180956	yes	T/T
21337	osa10968523	7	17180956:17180956	T/A	0.392029	T	stem thickness	8.47e-11			33159401		Plantmorphology(191)		17180956	yes	T/T
21767	osa11059675	7	19109286:19109286	C/T	0.368916	C	stem thickness	6.16e-05			33159401		Plantmorphology(191)		19109286	yes	C/C
21775	osa11064065	7	19206537:19206537	G/A	0.462868	G	stem thickness	0.000332			33159401		Plantmorphology(191)		19206537	yes	G/G
21776	osa11064065	7	19206537:19206537	G/A	0.462868	G	stem thickness	1.16e-05			33159401		Plantmorphology(191)		19206537	yes	G/G
22573	osa11228191	7	22582951:22582951	C/T	0.440134	C	germination index	0.000197			28282385		Plantvigor(23)		22582951	yes	C/C
25293	osa11280834	7	23920508:23920508	G/A	0.479747	G	grain width	0.000239	11.07		25785447		Plantmorphology(191)		23920508	yes	G/G
25294	osa11280834	7	23920508:23920508	G/A	0.479747	G	grain length to width ratio	2.12e-07	19.54		25785447		Plantmorphology(191)		23920508	yes	G/G
25295	osa11280834	7	23920508:23920508	G/A	0.479747	G	grain length to width ratio	0.000235	13.23		25785447		Plantmorphology(191)		23920508	yes	G/G
25416	osa11284728	7	24007086:24007086	T/C	0.469376	T	grain length to width ratio	2.3e-06	18.34		25785447		Plantmorphology(191)		24007086	yes	T/T
25417	osa11284728	7	24007086:24007086	T/C	0.469376	T	grain width	0.000621	10.72		25785447		Plantmorphology(191)		24007086	yes	T/T
27358	osa11307637	7	24537476:24537476	T/C	0.395688	T	grain length to width ratio	3.67e-07			34362301		Plantmorphology(191)		24537476	yes	T/T
30578	osa11346904	7	25463336:25463336	T/C	0.415345	T	relative total root surface area	2.71e-05	15.61		35557725		Stress(66)		25463336	yes	T/T
30607	osa11347606	7	25475279:25475279	T/C	0.287259	T	relative total root surface area	1.88e-05	20.88		35557725		Stress(66)		25475279	yes	T/T
45041	osa11965194	8	9241905:9241905	A/G	0.129004	A	uppermost internode	2.41e-05			31535313		Yield(14)		9241905	yes	A/A
46007	osa12248977	8	14915792:14915792	C/T	0.424626	C	chlorophyll content	8.97e-08			30796281		Biochemical(103)		14915792	yes	C/C
47298	osa12444266	8	18230423:18230423	A/G	0.273756	A	pericarp color	1.19e-09			29746484		Plantmorphology(191)		18230423	yes	A/A
48928	osa12689290	8	22966689:22966689	G/T	0.344751	G	salt tolerance index of K+ /Na+ ratio	7.65e-05	17.69		35557725		Stress(66)		22966689	yes	G/G
50177	osa12857680	8	26496216:26496216	T/A	0.2824	T	grain width	5.52e-05	15.9		31862941		Plantmorphology(191)		26496216	yes	T/T
50697	osa13044086	9	2000551:2000551	T/C	0.437665	T	phosphorus concentration	8.13e-06			35371188		Biochemical(103)		2000551	yes	T/T
51568	osa13353700	9	7980776:7980776	T/C	0.146621	T	panicle length	1.76e-06			34487253		Plantmorphology(191)		7980776	yes	T/T
52247	osa13600949	9	12460264:12460264	T/C	0.369146	T	panicle number	9.56e-05			31792643		Biologicalprocess(19)		12460264	yes	T/C
52291	osa13620337	9	12811399:12811399	G/A	0.442369	G	stem diameter	0.00049			33159401		Plantmorphology(191)		12811399	yes	G/G
52292	osa13620337	9	12811399:12811399	G/A	0.442369	G	stem diameter	0.000201			33159401		Plantmorphology(191)		12811399	yes	G/G
52364	osa13668872	9	13729361:13729361	T/C	0.421764	T	breaking strength of the basal internode	0.000219			33159401		Plantmorphology(191)		13729361	yes	T/T
52365	osa13668872	9	13729361:13729361	T/C	0.421764	T	stem diameter	0.000822			33159401		Plantmorphology(191)		13729361	yes	T/T
57286	osa14316988	10	4011130:4011130	C/A	0.26853	C	relative total lesion length	2.54e-09		1.0	31853678		Stress(66)		4011130	yes	C/C
57570	osa14484308	10	7279870:7279870	G/C	0.324394	G	grain width	2.76e-09	11.54		35162989		Plantmorphology(191)		7279870	yes	G/G
57571	osa14485645	10	7297872:7297872	C/A	0.300173	C	grain width	4.16e-09	10.05		35162989		Plantmorphology(191)		7297872	yes	C/C
57686	osa14550405	10	8553013:8553013	C/A	0.333851	C	grain width	1.48e-07	9.21		35162989		Plantmorphology(191)		8553013	yes	C/C
57971	osa14626227	10	9950070:9950070	G/A	0.419806	G	grain silica concentration	4.47e-06			35371188		Biochemical(103)		9950070	yes	G/G
60552	osa14852107	10	14523517:14523517	T/C	0.347639	T	relative total lesion length	5.28e-12		1.0	31853678		Stress(66)		14523517	yes	T/T
60609	osa14889556	10	15384841:15384841	T/C	0.354995	T	grain molybdenum concentration	2.46e-08	27.99		32972357		Biochemical(103)		15384841	yes	T/T
60610	osa14889556	10	15384841:15384841	T/C	0.354995	T	grain molybdenum concentration	8.54e-09	27.99	1.0	32972357		Biochemical(103)		15384841	yes	T/T
60611	osa14889556	10	15384841:15384841	T/C	0.354995	T	grain molybdenum concentration	4.41e-06	27.99		32972357		Biochemical(103)		15384841	yes	T/T
61231	osa14998028	10	17707829:17707829	T/C	0.406321	T	electrolyte leakage	2.84e-08		1.0	26381647		Biologicalprocess(19)		17707829	yes	T/T
61232	osa14998028	10	17707829:17707829	T/C	0.406321	T	ratio of electrolyte leakage	9.47e-09		1.0	26381647		Biologicalprocess(19)		17707829	yes	T/T
61703	osa15065681	10	19121908:19121908	C/T	0.344524	C	rice bacterial blight disease resistance	7.85e-06			34185169		Stress(66)		19121908	yes	C/C
61704	osa15065764	10	19123402:19123402	T/A	0.467688	T	rice bacterial blight disease resistance	4.74e-06			34185169		Stress(66)		19123402	yes	T/T
61706	osa15065849	10	19124782:19124782	C/T	0.458995	C	rice bacterial blight disease resistance	5.76e-06			34185169		Stress(66)		19124782	yes	C/C
62019	osa15140110	10	20879630:20879630	C/T	0.448132	C	germination index	0.000311			28282385		Plantvigor(23)		20879630	yes	C/C
62318	osa15273577	11	1009154:1009154	C/A	0.411032	C	panicle number	0.000571			31208337		Biologicalprocess(19)		1009154	yes	C/C
62997	osa15422453	11	4362819:4362819	T/C	0.33829	T	rice bacterial blight disease resistance	5.06e-05			34185169		Stress(66)		4362819	yes	T/T
63001	osa15422555	11	4364498:4364498	A/G	0.352816	A	rice bacterial blight disease resistance	8.68e-05			34185169		Stress(66)		4364498	yes	A/A
63273	osa1545629	1	31899548:31899548	G/A	0.318793	G	resistant starch	6.79e-07	19.69		31430915		Plant_quality(26)		31899548	yes	G/G
63766	osa1555016	1	32120484:32120484	G/A	0.421165	G	arsenic content trait	8.91e-05			31194746		Biochemical(103)		32120484	yes	G/G
66502	osa1584155	1	32798614:32798614	G/C	0.276835	G	resistant starch	8.39e-08	22.53		31430915		Plant_quality(26)		32798614	yes	G/G
66512	osa15854129	11	12721575:12721575	G/A	0.403041	G	grain as concentrations	9.33e-06			35371188		Biochemical(103)		12721575	yes	G/G
68372	osa16170452	11	17714592:17714592	C/T	0.399754	C	nitrogen balance index	8.47e-05	5.4		29163588		Plantgrowth_Development(17)		17714592	yes	C/C
68512	osa16183378	11	17898443:17898443	C/T	0.372458	C	uppermost internode	5.66e-05			31535313		Yield(14)		17898443	yes	C/C
69223	osa16222757	11	18590363:18590363	T/C	0.129362	T	plant height	7.08e-06			35371188		Plantmorphology(191)		18590363	yes	T/T
73331	osa16467347	11	22993180:22993180	A/G	0.309365	G	stem diameter	2.56e-13			33159401		Plantmorphology(191)		22993180	yes	G/G
73332	osa16467347	11	22993180:22993180	A/G	0.309365	G	stem diameter	1e-12			33159401		Plantmorphology(191)		22993180	yes	G/G
73333	osa16467347	11	22993180:22993180	A/G	0.309365	G	stem diameter	7.99e-13			33159401		Plantmorphology(191)		22993180	yes	G/G
73490	osa16469246	11	23015159:23015159	C/G	0.475384	C	stem diameter	8.02e-14			33159401		Plantmorphology(191)		23015159	yes	C/C
73491	osa16469246	11	23015159:23015159	C/G	0.475384	C	stem diameter	8.93e-15			33159401		Plantmorphology(191)		23015159	yes	C/C
73492	osa16469246	11	23015159:23015159	C/G	0.475384	C	stem diameter	8.01e-15			33159401		Plantmorphology(191)		23015159	yes	C/C
73493	osa16469246	11	23015159:23015159	C/G	0.475384	C	stem diameter	3.42e-13			33159401		Plantmorphology(191)		23015159	yes	C/C
73494	osa16469246	11	23015159:23015159	C/G	0.475384	C	stem diameter	4.16e-13			33159401		Plantmorphology(191)		23015159	yes	C/C
73495	osa16469246	11	23015159:23015159	C/G	0.475384	C	stem diameter	1.67e-12			33159401		Plantmorphology(191)		23015159	yes	C/C
74020	osa16564272	11	24727055:24727055	T/C	0.311132	T	water content of grain	2.14e-08			32303966		Biochemical(103)		24727055	yes	T/T
74219	osa16615480	11	25577761:25577761	C/A	0.356299	C	relative total lesion length	2.85e-06			31853678		Stress(66)		25577761	yes	C/C
97996	osa16904352	12	2514914:2514914	G/A	0.4774	G	sulfur content	3.72e-07			35371188		Biochemical(103)		2514914	yes	G/G
99333	osa17168299	12	7738971:7738971	A/G	0.362078	G	stem diameter	6.26e-13			33159401		Plantmorphology(191)		7738971	yes	G/G
99334	osa17168299	12	7738971:7738971	A/G	0.362078	G	stem diameter	1.98e-12			33159401		Plantmorphology(191)		7738971	yes	G/G
99335	osa17168299	12	7738971:7738971	A/G	0.362078	G	stem diameter	1.7e-11			33159401		Plantmorphology(191)		7738971	yes	G/G
99875	osa17548250	12	14605749:14605749	A/G	0.193121	A	seed fertility	0.000411			28282385		Plantmorphology(191)		14605749	yes	A/A
99876	osa17548250	12	14605749:14605749	A/G	0.193121	A	seed weight	0.000492			28282385		Plantmorphology(191)		14605749	yes	A/A
99992	osa17630882	12	16155447:16155447	C/A	0.257344	C	days to heading	0.000757	38.91		29872443		Plantgrowth_Development(17)		16155447	yes	C/C
101692	osa17670862	12	17086365:17086365	G/A	0.467428	G	rice bacterial blight disease resistance	1.56e-08			34467412		Stress(66)		17086365	yes	G/G
101693	osa17670862	12	17086365:17086365	G/A	0.467428	G	rice bacterial blight disease resistance	1.56e-08			34077549		Stress(66)		17086365	yes	G/G
105473	osa17679447	12	17342712:17342712	C/G	0.486436	G	rice bacterial blight disease resistance	8.39e-12			34467412		Stress(66)		17342712	yes	G/G
105474	osa17679447	12	17342712:17342712	C/G	0.486436	G	rice bacterial blight disease resistance	5.43e-10			34467412		Stress(66)		17342712	yes	G/G
105475	osa17679447	12	17342712:17342712	C/G	0.486436	G	rice bacterial blight disease resistance	4.25e-09			33638765		Stress(66)		17342712	yes	G/G
105476	osa17679447	12	17342712:17342712	C/G	0.486436	G	rice bacterial blight disease resistance	5.43e-10			34077549		Stress(66)		17342712	yes	G/G
105477	osa17679447	12	17342712:17342712	C/G	0.486436	G	rice bacterial blight disease resistance	8.39e-12			34077549		Stress(66)		17342712	yes	G/G
105697	osa17679717	12	17348148:17348148	A/G	0.457694	A	rice bacterial blight disease resistance	2.9e-08			33638765		Stress(66)		17348148	yes	A/A
105698	osa17679717	12	17348148:17348148	A/G	0.457694	A	rice bacterial blight disease resistance	8.16e-10			34077549		Stress(66)		17348148	yes	A/A
105699	osa17679717	12	17348148:17348148	A/G	0.457694	A	rice bacterial blight disease resistance	2.74e-11			34077549		Stress(66)		17348148	yes	A/A
105700	osa17679717	12	17348148:17348148	A/G	0.457694	A	rice bacterial blight disease resistance	8.16e-10			34467412		Stress(66)		17348148	yes	A/A
105701	osa17679717	12	17348148:17348148	A/G	0.457694	A	rice bacterial blight disease resistance	2.74e-11			34467412		Stress(66)		17348148	yes	A/A
108274	osa17683079	12	17399161:17399161	T/C	0.453998	T	rice bacterial blight disease resistance	5.6e-11			34467412		Stress(66)		17399161	yes	T/T
108275	osa17683079	12	17399161:17399161	T/C	0.453998	T	rice bacterial blight disease resistance	2.94e-09			34467412		Stress(66)		17399161	yes	T/T
108276	osa17683079	12	17399161:17399161	T/C	0.453998	T	rice bacterial blight disease resistance	2.94e-09			34077549		Stress(66)		17399161	yes	T/T
108277	osa17683079	12	17399161:17399161	T/C	0.453998	T	rice bacterial blight disease resistance	5.6e-11			34077549		Stress(66)		17399161	yes	T/T
108286	osa17683111	12	17400537:17400537	C/A	0.398973	C	rice bacterial blight disease resistance	1.8e-08			34077549		Stress(66)		17400537	yes	C/C
108287	osa17683111	12	17400537:17400537	C/A	0.398973	C	rice bacterial blight disease resistance	1.8e-08			34467412		Stress(66)		17400537	yes	C/C
108288	osa17683112	12	17400550:17400550	T/G	0.396681	T	rice bacterial blight disease resistance	2.13e-08			34467412		Stress(66)		17400550	yes	T/T
108289	osa17683112	12	17400550:17400550	T/G	0.396681	T	rice bacterial blight disease resistance	2.13e-08			34077549		Stress(66)		17400550	yes	T/T
109793	osa17892894	12	21835652:21835652	G/A	0.375599	G	total lesion length	1.54e-06			31853678		Stress(66)		21835652	yes	G/G
110231	osa17991089	12	23629169:23629169	T/C	0.391976	T	guard cell width on the adaxial surface	1.3e-06			32582301		Biologicalprocess(19)		23629169	yes	T/T
110449	osa18051184	12	24904065:24904065	G/A	0.192053	G	germination index	0.000353			28282385		Plantvigor(23)		24904065	yes	G/G
161761	osa1948236	1	41281291:41281291	G/A	0.491775	G	sulfur content	2.45e-06			35371188		Biochemical(103)		41281291	yes	G/G
171078	osa2353510	2	7398603:7398603	A/T	0.313099	A	plant height	1.14e-08		1.0	32303966		Plantmorphology(191)		7398603	yes	A/A
171481	osa2375504	2	7791662:7791662	A/G	0.37525	A	1000-grain weight	1.61e-09			33767346		Plantmorphology(191)		7791662	yes	A/A
171486	osa2375547	2	7792121:7792121	G/A	0.379974	G	1000-grain weight	9.21e-08			33767346		Plantmorphology(191)		7792121	yes	G/G
171576	osa2393590	2	8153180:8153180	A/C	0.259188	A	the xylem area of large vascular bundle	4.3e-07	9.23		33288021		Plantmorphology(191)		8153180	yes	A/A
172169	osa2657273	2	13322137:13322137	G/A	0.404261	G	panicle number	9.33e-05			31792643		Biologicalprocess(19)		13322137	yes	G/G
172193	osa2681615	2	13877284:13877284	G/A	0.467177	G	grain silica concentration	1.74e-06			35371188		Biochemical(103)		13877284	yes	G/G
172217	osa2716452	2	14479111:14479111	C/T	0.424136	C	electrolyte leakage	5.8e-09		1.0	26381647		Biologicalprocess(19)		14479111	yes	C/C
173083	osa3043408	2	20448952:20448952	G/C	0.414866	G	stomatal size on the abaxial surface	3.3e-07			32582301		Biologicalprocess(19)		20448952	yes	G/G
174684	osa3337800	2	26116015:26116015	T/C	0.326131	T	seed calcium concentration	1.15e-06			35371188		Biochemical(103)		26116015	yes	T/T
174751	osa3365475	2	26744192:26744192	C/A	0.464934	C	flag leaf angle	2.53e-08		1.0	34064770		Plantmorphology(191)		26744192	yes	C/C
178948	osa3788051	3	898774:898774	A/G	0.386976	A	grain number	2.92e-07			33767346		Plantmorphology(191)		898774	yes	A/A
180360	osa3972981	3	5193946:5193946	T/C	0.364238	T	rice seedling blight disease resistance	1.89e-06	2.82		33830376		Stress(66)		5193946	yes	T/T
180361	osa3972990	3	5194339:5194339	T/G	0.444514	T	rice seedling blight disease resistance	1.21e-06	2.82		33830376		Stress(66)		5194339	yes	T/T
181514	osa4019665	3	6310547:6310547	T/A	0.460883	T	stem thickness	1.76e-05			33159401		Plantmorphology(191)		6310547	yes	T/T
181515	osa4019665	3	6310547:6310547	T/A	0.460883	T	stem thickness	0.000115			33159401		Plantmorphology(191)		6310547	yes	T/T
181516	osa4019665	3	6310547:6310547	T/A	0.460883	T	stem thickness	1.35e-05			33159401		Plantmorphology(191)		6310547	yes	T/T
181581	osa4019976	3	6316887:6316887	G/A	0.460577	G	stem thickness	1.79e-05			33159401		Plantmorphology(191)		6316887	yes	G/G
181582	osa4019976	3	6316887:6316887	G/A	0.460577	G	stem thickness	1.07e-05			33159401		Plantmorphology(191)		6316887	yes	G/G
181583	osa4019976	3	6316887:6316887	G/A	0.460577	G	stem thickness	0.000108			33159401		Plantmorphology(191)		6316887	yes	G/G
181588	osa4019981	3	6317219:6317219	G/A	0.490643	G	stem thickness	1.08e-05			33159401		Plantmorphology(191)		6317219	yes	G/G
181589	osa4019981	3	6317219:6317219	G/A	0.490643	G	stem thickness	5.33e-05			33159401		Plantmorphology(191)		6317219	yes	G/G
181590	osa4019981	3	6317219:6317219	G/A	0.490643	G	stem thickness	5.94e-06			33159401		Plantmorphology(191)		6317219	yes	G/G
181593	osa4019988	3	6317283:6317283	C/A	0.495462	C	stem thickness	0.000101			33159401		Plantmorphology(191)		6317283	yes	C/C
181594	osa4019988	3	6317283:6317283	C/A	0.495462	C	stem thickness	1.06e-05			33159401		Plantmorphology(191)		6317283	yes	C/C
181595	osa4019988	3	6317283:6317283	C/A	0.495462	C	stem thickness	1.76e-05			33159401		Plantmorphology(191)		6317283	yes	C/C
181999	osa4020686	3	6338614:6338614	A/G	0.466247	A	stem thickness	9.59e-05			33159401		Plantmorphology(191)		6338614	yes	A/A
182000	osa4020686	3	6338614:6338614	A/G	0.466247	A	stem thickness	1.06e-05			33159401		Plantmorphology(191)		6338614	yes	A/A
183816	osa4024085	3	6412863:6412863	G/A	0.480624	G	stem thickness	0.000149			33159401		Plantmorphology(191)		6412863	yes	G/G
183817	osa4024085	3	6412863:6412863	G/A	0.480624	G	stem thickness	2.1e-05			33159401		Plantmorphology(191)		6412863	yes	G/G
183818	osa4024085	3	6412863:6412863	G/A	0.480624	G	stem thickness	1.79e-05			33159401		Plantmorphology(191)		6412863	yes	G/G
184940	osa4058378	3	7256282:7256282	G/T	0.352008	G	grain width	1.47e-07			32303966		Plantmorphology(191)		7256282	yes	G/G
185749	osa4240923	3	11535605:11535605	C/T	0.201958	C	chlorophyll content	1.38e-07			30796281		Biochemical(103)		11535605	yes	C/C
185750	osa4240923	3	11535605:11535605	C/T	0.201958	C	chlorophyll content	1.62e-07			30796281		Biochemical(103)		11535605	yes	C/C
186004	osa432620	1	9551518:9551518	A/G	0.476694	A	panicle number	0.000119	18.69		29872443		Biologicalprocess(19)		9551518	yes	A/A
186801	osa4343544	3	13954359:13954359	C/A	0.384671	C	breaking strength of the basal internode	1.31e-11			33159401		Plantmorphology(191)		13954359	yes	C/C
186802	osa4343544	3	13954359:13954359	C/A	0.384671	C	stem thickness	2.84e-11			33159401		Plantmorphology(191)		13954359	yes	C/C
186803	osa4343544	3	13954359:13954359	C/A	0.384671	C	stem thickness	2.53e-11			33159401		Plantmorphology(191)		13954359	yes	C/C
186804	osa4343544	3	13954359:13954359	C/A	0.384671	C	stem thickness	4.93e-12			33159401		Plantmorphology(191)		13954359	yes	C/C
187030	osa4344626	3	13986533:13986533	A/G	0.363023	A	breaking strength of the basal internode	8.95e-12			33159401		Plantmorphology(191)		13986533	yes	A/A
187031	osa4344626	3	13986533:13986533	A/G	0.363023	A	stem thickness	1.53e-11			33159401		Plantmorphology(191)		13986533	yes	A/A
187032	osa4344626	3	13986533:13986533	A/G	0.363023	A	breaking strength of the basal internode	1.94e-11			33159401		Plantmorphology(191)		13986533	yes	A/A
187886	osa4347292	3	14026040:14026040	A/G	0.370615	A	stem thickness	6.83e-11			33159401		Plantmorphology(191)		14026040	yes	A/A
188122	osa4348661	3	14053042:14053042	G/A	0.45742	G	stem thickness	2.7e-11			33159401		Plantmorphology(191)		14053042	yes	G/G
188557	osa4374991	3	14608360:14608360	G/C	0.461286	G	the phloem area of large vascular bundle	2.1e-07	17.51		33288021		Plantmorphology(191)		14608360	yes	G/G
188871	osa4401764	3	15137319:15137319	C/G	0.285083	C	grain length to width ratio	8.16e-09	10.84		35162989		Plantmorphology(191)		15137319	yes	C/C
188872	osa4401764	3	15137319:15137319	C/G	0.285083	C	grain length to width ratio	1.86e-09	9.87		35162989		Plantmorphology(191)		15137319	yes	C/C
188873	osa4401764	3	15137319:15137319	C/G	0.285083	C	grain length to width ratio	6.38e-09	10.27		35162989		Plantmorphology(191)		15137319	yes	C/C
188874	osa4401764	3	15137319:15137319	C/G	0.285083	C	grain width	1.03e-09	9.42		35162989		Plantmorphology(191)		15137319	yes	C/C
191807	osa4516612	3	17189994:17189994	A/G	0.37932	A	pericarp color	4.98e-13			29746484		Plantmorphology(191)		17189994	yes	A/A
191857	osa4523626	3	17312544:17312544	G/A	0.402668	G	pericarp color	1.74e-11			29746484		Plantmorphology(191)		17312544	yes	G/G
192370	osa4562734	3	18003879:18003879	C/T	0.353252	C	pericarp color	2.13e-13			29746484		Plantmorphology(191)		18003879	yes	C/C
192487	osa4579855	3	18274148:18274148	T/C	0.301956	T	pericarp color	4.45e-12			29746484		Plantmorphology(191)		18274148	yes	T/T
192657	osa4591345	3	18624899:18624899	G/A	0.299055	G	pericarp color	1.44e-15			29746484		Plantmorphology(191)		18624899	yes	G/G
192712	osa4599827	3	18792086:18792086	G/A	0.349566	G	pericarp color	1.35e-11			29746484		Plantmorphology(191)		18792086	yes	G/G
192755	osa4607542	3	18967718:18967718	T/A	0.374454	T	pericarp color	4.17e-15			29746484		Plantmorphology(191)		18967718	yes	T/T
192756	osa4607583	3	18968130:18968130	A/G	0.396398	A	pericarp color	3.11e-09			29746484		Plantmorphology(191)		18968130	yes	A/A
192786	osa4611263	3	19038367:19038367	G/T	0.399822	G	pericarp color	4.24e-11			29746484		Plantmorphology(191)		19038367	yes	G/G
192794	osa4611507	3	19040381:19040381	C/T	0.468517	C	pericarp color	2.49e-08			29746484		Plantmorphology(191)		19040381	yes	C/C
192876	osa4620678	3	19209801:19209801	T/C	0.339276	T	panicle length	3.68e-06			34650575		Plantmorphology(191)		19209801	yes	T/T
192909	osa4623782	3	19269144:19269144	T/C	0.36972	T	pericarp color	1.97e-09			29746484		Plantmorphology(191)		19269144	yes	T/T
192925	osa4627952	3	19340528:19340528	C/T	0.367404	C	pericarp color	1.87e-14			29746484		Plantmorphology(191)		19340528	yes	C/C
192951	osa4632918	3	19433646:19433646	G/A	0.330157	G	pericarp color	2.83e-15			29746484		Plantmorphology(191)		19433646	yes	G/G
192959	osa4634339	3	19460677:19460677	T/C	0.499739	T	salt tolerance	8.64e-06			31694217		Stress(66)		19460677	yes	T/T
192974	osa4636365	3	19506733:19506733	A/G	0.319663	A	electrolyte leakage	1.23e-06			26381647		Biologicalprocess(19)		19506733	yes	A/A
193000	osa4638122	3	19537670:19537670	G/A	0.368968	G	spikelet per panicle	1.94e-06			34650575		Plantmorphology(191)		19537670	yes	G/G
193001	osa4638492	3	19543487:19543487	G/A	0.321985	G	pericarp color	3.43e-20			29746484		Plantmorphology(191)		19543487	yes	G/G
193069	osa4649888	3	19786112:19786112	G/A	0.346215	G	pericarp color	8.32e-11			29746484		Plantmorphology(191)		19786112	yes	G/G
193070	osa4649888	3	19786112:19786112	G/A	0.346215	G	pericarp color	1.68e-14			29746484		Plantmorphology(191)		19786112	yes	G/G
193123	osa4662883	3	20011580:20011580	T/G	0.346183	T	pericarp color	2.05e-19			29746484		Plantmorphology(191)		20011580	yes	T/T
193221	osa4674751	3	20158053:20158053	T/C	0.325532	T	pericarp color	2.9e-14			29746484		Plantmorphology(191)		20158053	yes	T/T
193275	osa4683828	3	20289376:20289376	G/C	0.358534	G	pericarp color	7.31e-12			29746484		Plantmorphology(191)		20289376	yes	G/G
193642	osa4721981	3	20990980:20990980	G/A	0.380446	G	pericarp color	2.41e-11			29746484		Plantmorphology(191)		20990980	yes	G/G
194311	osa4809013	3	22591745:22591745	G/A	0.398423	G	pericarp color	2.37e-11			29746484		Plantmorphology(191)		22591745	yes	G/G
194389	osa4824082	3	22884004:22884004	A/G	0.364161	A	pericarp color	7.05e-10			29746484		Plantmorphology(191)		22884004	yes	A/A
194448	osa4830472	3	23014781:23014781	A/G	0.357887	A	pericarp color	5.39e-09			29746484		Plantmorphology(191)		23014781	yes	A/A
194510	osa4836648	3	23114701:23114701	G/A	0.422701	G	salt tolerance	4.72e-05	2.75		32561778		Stress(66)		23114701	yes	G/G
194669	osa4874661	3	23794162:23794162	T/A	0.396647	T	pericarp color	9.48e-10			29746484		Plantmorphology(191)		23794162	yes	T/T
195426	osa5104321	3	28351752:28351752	A/C	0.430747	A	coleoptile diameter	2.3e-09			33409869		Plantmorphology(191)		28351752	yes	A/A
195707	osa5158747	3	29508889:29508889	T/C	0.362794	T	root biomass	6.57e-06			31694217		Plantmorphology(191)		29508889	yes	T/T
195708	osa5158747	3	29508889:29508889	T/C	0.362794	T	shoot biomass	8.08e-06			31694217		Plantmorphology(191)		29508889	yes	T/T
195709	osa5158747	3	29508889:29508889	T/C	0.362794	T	total biomass yield	5.71e-06			31694217		Plantmorphology(191)		29508889	yes	T/T
197061	osa5424194	3	35346488:35346488	G/A	0.25219	G	panicle number	7.64e-05			30669971		Biologicalprocess(19)		35346488	yes	G/G
197063	osa5424265	3	35347873:35347873	A/G	0.254426	A	panicle number	7.64e-05			30669971		Biologicalprocess(19)		35347873	yes	A/A
198270	osa5478418	4	142087:142087	G/A	0.378499	G	grain length to width ratio	4.59e-05			35576158		Plantmorphology(191)		142087	yes	G/G
198285	osa549204	1	11881413:11881413	A/G	0.342213	A	germination index	8.29e-05			28282385		Plantvigor(23)		11881413	yes	A/A
198286	osa549204	1	11881413:11881413	A/G	0.342213	A	germination index	0.000264			28282385		Plantvigor(23)		11881413	yes	A/A
198398	osa5500741	4	493044:493044	C/T	0.458303	C	panicle length	0.000934			31208337		Plantmorphology(191)		493044	yes	C/C
198400	osa5500825	4	493281:493281	G/A	0.280652	G	panicle length	0.000173			31208337		Plantmorphology(191)		493281	yes	G/G
198401	osa5500833	4	493315:493315	G/A	0.35321	G	panicle length	3.21e-05			31208337		Plantmorphology(191)		493315	yes	G/G
199322	osa5608373	4	2457675:2457675	T/A	0.1751	T	m. graminicola resistance	8e-06			26552884		Stress(66)		2457675	yes	T/T
199976	osa5755406	4	5069135:5069135	G/A	0.376587	G	grain yield trait	2.4e-05			31792643		Yield(14)		5069135	yes	G/G
199979	osa5755793	4	5071856:5071856	C/A	0.428282	C	grain yield trait	5.94e-06			31792643		Yield(14)		5071856	yes	C/C
200046	osa5782579	4	5493646:5493646	G/C	0.358935	G	rice bacterial blight disease resistance	9.93e-05			34185169		Stress(66)		5493646	yes	G/G
201364	osa598971	1	12830176:12830176	A/G	0.328557	A	1000-grain weight	4.72e-05			31792643		Plantmorphology(191)		12830176	yes	A/A
201407	osa600132	1	12840139:12840139	T/C	0.331652	T	1000-grain weight	8.56e-05			31792643		Plantmorphology(191)		12840139	yes	T/T
201408	osa600132	1	12840139:12840139	T/C	0.331652	T	grain yield trait	3.05e-05			31792643		Yield(14)		12840139	yes	T/T
201966	osa6029480	4	10833713:10833713	C/T	0.418278	C	brown planthopper resistance	2.02e-12		1.0	34302720		Stress(66)		10833713	yes	C/C
209634	osa6560728	4	21438182:21438182	C/T	0.352405	T	stem diameter	2.43e-05			33159401		Plantmorphology(191)		21438182	yes	T/T
209635	osa6560728	4	21438182:21438182	C/T	0.352405	T	stem diameter	2.15e-05			33159401		Plantmorphology(191)		21438182	yes	T/T
209636	osa6560728	4	21438182:21438182	C/T	0.352405	T	stem diameter	3.46e-05			33159401		Plantmorphology(191)		21438182	yes	T/T
239913	osa6992121	4	31374509:31374509	A/G	0.152451	A	stem diameter	5.77e-13			33159401		Plantmorphology(191)		31374509	yes	A/A
239914	osa6992121	4	31374509:31374509	A/G	0.152451	A	stem diameter	3.47e-13			33159401		Plantmorphology(191)		31374509	yes	A/A
239915	osa6992121	4	31374509:31374509	A/G	0.152451	A	stem diameter	1.25e-13			33159401		Plantmorphology(191)		31374509	yes	A/A
242933	osa7120232	4	34307449:34307449	T/C	0.482037	C	grain number	9.62e-08			33767346		Plantmorphology(191)		34307449	yes	C/C
245897	osa7130541	4	34528695:34528695	G/A	0.490199	G	grain number	4.8e-07			33767346		Plantmorphology(191)		34528695	yes	G/G
245898	osa7130542	4	34528730:34528730	T/C	0.499576	T	grain number	4.8e-07			33767346		Plantmorphology(191)		34528730	yes	T/T
245899	osa7130543	4	34528754:34528754	T/C	0.471315	T	grain number	4.8e-07			33767346		Plantmorphology(191)		34528754	yes	T/T
248616	osa7188783	5	463077:463077	G/A	0.466834	G	rice bacterial blight disease resistance	3.09e-05	9.0		33802191		Stress(66)		463077	yes	G/G
249086	osa7240628	5	1615248:1615248	T/A	0.31475	T	relative chlorophyll content	0.000244			25371505		Biochemical(103)		1615248	yes	T/T
251337	osa7692518	5	10266107:10266107	T/C	0.0892904	T	oleic acid content	1.13e-07	4.59		33307246		Biochemical(103)		10266107	yes	T/T
251338	osa7692518	5	10266107:10266107	T/C	0.0892904	T	linolenic acid concentration	4.17e-08	0.1	1.0	33307246		Biochemical(103)		10266107	yes	T/T
251383	osa774345	1	16195788:16195788	C/A	0.443857	C	panicle number	5.09e-06	37.39		29872443		Biologicalprocess(19)		16195788	yes	C/C
253262	osa8495945	5	27018721:27018721	C/T	0.208461	C	seed weight	0.000468			28282385		Plantmorphology(191)		27018721	yes	C/C
253263	osa8495945	5	27018721:27018721	C/T	0.208461	C	seed weight	0.000484			28282385		Plantmorphology(191)		27018721	yes	C/C
258467	osa8742587	6	3018541:3018541	G/A	0.463798	G	stem thickness	1.34e-06			33159401		Plantmorphology(191)		3018541	yes	G/G
258468	osa8742587	6	3018541:3018541	G/A	0.463798	G	stem thickness	1.47e-07			33159401		Plantmorphology(191)		3018541	yes	G/G
258469	osa8742587	6	3018541:3018541	G/A	0.463798	G	stem diameter	0.000507			33159401		Plantmorphology(191)		3018541	yes	G/G
264770	osa8998221	6	8388601:8388601	A/G	0.359406	A	stem diameter	6.73e-12			33159401		Plantmorphology(191)		8388601	yes	A/A
264771	osa8998221	6	8388601:8388601	A/G	0.359406	A	stem diameter	2.07e-11			33159401		Plantmorphology(191)		8388601	yes	A/A
264772	osa8998221	6	8388601:8388601	A/G	0.359406	A	stem diameter	4.49e-11			33159401		Plantmorphology(191)		8388601	yes	A/A
264773	osa8998221	6	8388601:8388601	A/G	0.359406	A	stem thickness	1.76e-15		1.0	33159401		Plantmorphology(191)		8388601	yes	A/A
264774	osa8998221	6	8388601:8388601	A/G	0.359406	A	breaking strength of the basal internode	3.05e-11		1.0	33159401		Plantmorphology(191)		8388601	yes	A/A
264775	osa8998221	6	8388601:8388601	A/G	0.359406	A	stem thickness	2.71e-12			33159401		Plantmorphology(191)		8388601	yes	A/A
264776	osa8998221	6	8388601:8388601	A/G	0.359406	A	stem thickness	6.23e-11			33159401		Plantmorphology(191)		8388601	yes	A/A
270570	osa9160464	6	11638549:11638549	G/A	0.296845	G	seed set percent	3.8e-05			31792643		Plantmorphology(191)		11638549	yes	G/G
271577	osa9223098	6	12897677:12897677	C/T	0.434201	C	root thickness	6.17e-07	0.67		34215814		Plantmorphology(191)		12897677	yes	C/C
271728	osa9342239	6	14866837:14866837	T/C	0.299222	T	seed fertility	0.000663			28282385		Plantmorphology(191)		14866837	yes	T/T
271756	osa9350177	6	15023100:15023100	G/A	0.393584	G	grain length to width ratio	5e-10		1.0	35576158		Plantmorphology(191)		15023100	yes	G/G
272394	osa9473372	6	17174236:17174236	A/C	0.280461	A	germinability at low temperature	0.00027	16.1		32153631		Plant_quality(26)		17174236	yes	A/A
272395	osa9473372	6	17174236:17174236	A/C	0.280461	A	germination index	0.00032	15.0		32153631		Plantvigor(23)		17174236	yes	A/A
273380	osa9547564	6	18832460:18832460	G/A	0.375745	G	leaf bronzing score	0.00018	8.06		26152574		Stress(66)		18832460	yes	G/G
273392	osa9552771	6	18972018:18972018	A/T	0.395055	A	leaf bronzing score	0.000715	7.46		26152574		Stress(66)		18972018	yes	A/A
273487	osa9585722	6	19648079:19648079	A/C	0.36154	A	grain pb concentrations	1.88e-07			30804959		Biochemical(103)		19648079	yes	A/A
276822	osa9745642	6	22530953:22530953	A/G	0.369984	A	seed fertility	0.000593			28282385		Plantmorphology(191)		22530953	yes	A/A
277104	osa9790446	6	23415231:23415231	T/C	0.0608416	T	panicle inflorescence exsertion	3.96e-05			31535313		Plantmorphology(191)		23415231	yes	T/T
278632	osa9963269	6	27173811:27173811	C/T	0.436058	C	milled rice yield	0.000449			30512035		Yield(14)		27173811	yes	C/C
