9164	osa104321	1	2320634:2320634	T/A	0.256771	T	arsenic content trait	5.18e-05			31332547		Biochemical(103)		2320634	yes	T/T
164433	osa228543	1	5188831:5188831	C/T	0.107532	C	panicle length	2.54e-07			34487253		Plantmorphology(191)		5188831	yes	C/C
171717	osa241826	1	5524333:5524333	C/T	0.272175	T	1000-grain weight	6.56e-07			33767346		Plantmorphology(191)		5524333	yes	T/T
172218	osa272001	1	6159733:6159733	G/C	0.209828	G	plant height	8.13e-06			35371188		Plantmorphology(191)		6159733	yes	G/G
173603	osa317802	1	7152426:7152426	C/T	0.100906	T	panicle number	5.02e-05			35576158		Biologicalprocess(19)		7152426	yes	T/T
186004	osa432620	1	9551518:9551518	A/G	0.476694	A	panicle number	0.000119	18.69		29872443		Biologicalprocess(19)		9551518	yes	A/A
188945	osa443225	1	9759235:9759235	T/A	0.486529	T	straighthead disorder severity rate	5.25e-08			35371188		Plantmorphology(191)		9759235	yes	T/T
188972	osa44385	1	1042035:1042035	G/A	0.251883	G	germination index	0.000331			28282385		Plantvigor(23)		1042035	yes	G/G
193013	osa464167	1	10208945:10208945	A/G	0.281854	A	grain silica concentration	5.5e-06			35371188		Biochemical(103)		10208945	yes	A/A
196153	osa532940	1	11596996:11596996	A/T	0.0768072	T	days to heading	4.57e-06			35371188		Plantgrowth_Development(17)		11596996	yes	T/T
196154	osa532940	1	11596996:11596996	A/T	0.0768072	T	days to heading	1.7e-06			35371188		Plantgrowth_Development(17)		11596996	yes	T/T
198285	osa549204	1	11881413:11881413	A/G	0.342213	A	germination index	8.29e-05			28282385		Plantvigor(23)		11881413	yes	A/A
198286	osa549204	1	11881413:11881413	A/G	0.342213	A	germination index	0.000264			28282385		Plantvigor(23)		11881413	yes	A/A
200108	osa581314	1	12473461:12473461	G/A	0.0849248	A	rice bacterial blight disease resistance	5.17e-09		1.0	34077549		Stress(66)		12473461	yes	G/A
200109	osa581314	1	12473461:12473461	G/A	0.0849248	A	rice bacterial blight disease resistance	5.17e-09		1.0	34467412		Stress(66)		12473461	yes	G/A
201364	osa598971	1	12830176:12830176	A/G	0.328557	A	1000-grain weight	4.72e-05			31792643		Plantmorphology(191)		12830176	yes	A/A
201373	osa599282	1	12832772:12832772	A/G	0.346087	A	1000-grain weight	4.46e-05			31792643		Plantmorphology(191)		12832772	yes	A/A
201403	osa600055	1	12839544:12839544	A/G	0.32278	A	grain yield trait	5.76e-05			31792643		Yield(14)		12839544	yes	A/A
201407	osa600132	1	12840139:12840139	T/C	0.331652	T	1000-grain weight	8.56e-05			31792643		Plantmorphology(191)		12840139	yes	T/T
201408	osa600132	1	12840139:12840139	T/C	0.331652	T	grain yield trait	3.05e-05			31792643		Yield(14)		12840139	yes	T/T
202556	osa605399	1	12928822:12928822	A/G	0.15327	A	stem diameter	7.02e-12		1.0	33159401		Plantmorphology(191)		12928822	yes	A/A
205844	osa633330	1	13480569:13480569	G/C	0.0867074	G	days to heading	4.79e-06			35371188		Plantgrowth_Development(17)		13480569	yes	G/G
241763	osa703602	1	14722232:14722232	T/C	0.118254	T	days to heading	9.55e-06			35371188		Plantgrowth_Development(17)		14722232	yes	T/T
251204	osa753028	1	15639778:15639778	C/A	0.426839	C	seed calcium concentration	5.13e-06			35371188		Biochemical(103)		15639778	yes	C/C
251382	osa774064	1	16190978:16190978	G/A	0.39613	G	panicle number	1.02e-05	31.84		29872443		Biologicalprocess(19)		16190978	yes	G/G
251383	osa774345	1	16195788:16195788	C/A	0.443857	C	panicle number	5.09e-06	37.39		29872443		Biologicalprocess(19)		16195788	yes	C/C
252737	osa824221	1	17243962:17243962	A/T	0.378509	A	seed calcium concentration	3.16e-07			35371188		Biochemical(103)		17243962	yes	A/A
