8866	osa10406048	7	6102792:6102792	T/C	0.112707	T	straighthead disorder severity rate	7.08e-06			35371188		Plantmorphology(191)		6102792	yes	T/T
20326	osa10804956	7	13816629:13816629	A/C	0.27738	A	germination index	0.000146			28282385		Plantvigor(23)		13816629	yes	A/A
21334	osa10968523	7	17180956:17180956	T/A	0.392029	T	stem diameter	3.93e-12			33159401		Plantmorphology(191)		17180956	yes	T/T
21335	osa10968523	7	17180956:17180956	T/A	0.392029	T	stem diameter	5.92e-13			33159401		Plantmorphology(191)		17180956	yes	T/T
21336	osa10968523	7	17180956:17180956	T/A	0.392029	T	stem diameter	1.55e-11			33159401		Plantmorphology(191)		17180956	yes	T/T
21337	osa10968523	7	17180956:17180956	T/A	0.392029	T	stem thickness	8.47e-11			33159401		Plantmorphology(191)		17180956	yes	T/T
22573	osa11228191	7	22582951:22582951	C/T	0.440134	C	germination index	0.000197			28282385		Plantvigor(23)		22582951	yes	C/C
24894	osa11273461	7	23729744:23729744	G/A	0.461898	G	grain length to width ratio	8.88e-09	21.41		25785447		Plantmorphology(191)		23729744	yes	G/G
24895	osa11273461	7	23729744:23729744	G/A	0.461898	G	grain length	0.000656	6.52		25785447		Plantmorphology(191)		23729744	yes	G/G
24896	osa11273461	7	23729744:23729744	G/A	0.461898	G	grain width	2.37e-05	12.9		25785447		Plantmorphology(191)		23729744	yes	G/G
24897	osa11273461	7	23729744:23729744	G/A	0.461898	G	grain length to width ratio	0.000284	14.27		25785447		Plantmorphology(191)		23729744	yes	G/G
25293	osa11280834	7	23920508:23920508	G/A	0.479747	G	grain width	0.000239	11.07		25785447		Plantmorphology(191)		23920508	yes	G/G
25294	osa11280834	7	23920508:23920508	G/A	0.479747	G	grain length to width ratio	2.12e-07	19.54		25785447		Plantmorphology(191)		23920508	yes	G/G
25295	osa11280834	7	23920508:23920508	G/A	0.479747	G	grain length to width ratio	0.000235	13.23		25785447		Plantmorphology(191)		23920508	yes	G/G
25416	osa11284728	7	24007086:24007086	T/C	0.469376	T	grain length to width ratio	2.3e-06	18.34		25785447		Plantmorphology(191)		24007086	yes	T/T
25417	osa11284728	7	24007086:24007086	T/C	0.469376	T	grain width	0.000621	10.72		25785447		Plantmorphology(191)		24007086	yes	T/T
27824	osa11313387	7	24675222:24675222	C/T	0.468773	C	grain width	0.000145	11.49		25785447		Plantmorphology(191)		24675222	yes	C/C
27825	osa11313387	7	24675222:24675222	C/T	0.468773	C	grain length	0.000621	6.83		25785447		Plantmorphology(191)		24675222	yes	C/C
27826	osa11313387	7	24675222:24675222	C/T	0.468773	C	grain length to width ratio	5.48e-08	20.45		25785447		Plantmorphology(191)		24675222	yes	C/C
27827	osa11313387	7	24675222:24675222	C/T	0.468773	C	grain length to width ratio	3.63e-06	17.04		25785447		Plantmorphology(191)		24675222	yes	C/C
27828	osa11313387	7	24675222:24675222	C/T	0.468773	C	grain width	8.07e-06	35.07		32391027		Plantmorphology(191)		24675222	yes	C/C
27829	osa11313387	7	24675222:24675222	C/T	0.468773	C	grain width	6.69e-06	21.6		32391027		Plantmorphology(191)		24675222	yes	C/C
27830	osa11313387	7	24675222:24675222	C/T	0.468773	C	grain length to width ratio	8.62e-10	29.52		32391027		Plantmorphology(191)		24675222	yes	C/C
27831	osa11313387	7	24675222:24675222	C/T	0.468773	C	grain length to width ratio	6.46e-10	17.95		32391027		Plantmorphology(191)		24675222	yes	C/C
27832	osa11313387	7	24675222:24675222	C/T	0.468773	C	grain length to width ratio	9.66e-07	18.77		32391027		Plantmorphology(191)		24675222	yes	C/C
27833	osa11313387	7	24675222:24675222	C/T	0.468773	C	grain width	9.56e-06	22.78		32391027		Plantmorphology(191)		24675222	yes	C/C
27834	osa11313387	7	24675222:24675222	C/T	0.468773	C	grain width	5.39e-06	17.96		32391027		Plantmorphology(191)		24675222	yes	C/C
30607	osa11347606	7	25475279:25475279	T/C	0.287259	T	relative total root surface area	1.88e-05	20.88		35557725		Stress(66)		25475279	yes	T/T
44776	osa11958190	8	9117502:9117502	A/G	0.0997766	A	uppermost internode	8.99e-05			31535313		Yield(14)		9117502	yes	A/A
45632	osa12018588	8	10250029:10250029	G/A	0.479995	G	the total area of large vascular bundle	6.6e-06	20.2		33288021		Plantmorphology(191)		10250029	yes	G/G
45633	osa12018588	8	10250029:10250029	G/A	0.479995	G	the xylem area of large vascular bundle	1e-06	23.31		33288021		Plantmorphology(191)		10250029	yes	G/G
48384	osa12578685	8	20514765:20514765	C/A	0.439456	C	1000-grain weight	8.98e-05			31208337		Plantmorphology(191)		20514765	yes	C/C
50615	osa12976175	9	672809:672809	A/C	0.1346	A	grain as concentrations	9.33e-06			35371188		Biochemical(103)		672809	yes	A/A
51370	osa13288225	9	6773610:6773610	T/C	0.306429	T	grain cd concentrations	5.82e-06			30804959		Biochemical(103)		6773610	yes	T/T
51691	osa13396981	9	8994288:8994288	C/T	0.35259	C	rice bacterial blight disease resistance	9.56e-05			34185169		Stress(66)		8994288	yes	C/C
51946	osa13522723	9	11094607:11094607	G/A	0.490234	G	germination index	0.000795			28282385		Plantvigor(23)		11094607	yes	G/G
57167	osa14288423	10	3551274:3551274	G/A	0.370211	G	sheath blight disease resistance	9.62e-07			33600077		Stress(66)		3551274	yes	G/G
57168	osa14288423	10	3551274:3551274	G/A	0.370211	G	sheath blight disease resistance	2.05e-07			33600077		Stress(66)		3551274	yes	G/G
57286	osa14316988	10	4011130:4011130	C/A	0.26853	C	relative total lesion length	2.54e-09		1.0	31853678		Stress(66)		4011130	yes	C/C
57665	osa14537825	10	8290852:8290852	T/A	0.302	T	total biomass yield	3e-06	9.3		35281797		Plantmorphology(191)		8290852	yes	T/T
58795	osa146898	1	3235986:3235986	T/C	0.4306	T	seed weight	0.000491			28282385		Plantmorphology(191)		3235986	yes	T/T
60609	osa14889556	10	15384841:15384841	T/C	0.354995	T	grain molybdenum concentration	2.46e-08	27.99		32972357		Biochemical(103)		15384841	yes	T/T
60610	osa14889556	10	15384841:15384841	T/C	0.354995	T	grain molybdenum concentration	8.54e-09	27.99	1.0	32972357		Biochemical(103)		15384841	yes	T/T
60611	osa14889556	10	15384841:15384841	T/C	0.354995	T	grain molybdenum concentration	4.41e-06	27.99		32972357		Biochemical(103)		15384841	yes	T/T
61704	osa15065764	10	19123402:19123402	T/A	0.467688	T	rice bacterial blight disease resistance	4.74e-06			34185169		Stress(66)		19123402	yes	T/T
62318	osa15273577	11	1009154:1009154	C/A	0.411032	C	panicle number	0.000571			31208337		Biologicalprocess(19)		1009154	yes	C/C
63005	osa15422749	11	4367217:4367217	G/A	0.33025	G	rice bacterial blight disease resistance	6.86e-05			34185169		Stress(66)		4367217	yes	G/G
66502	osa1584155	1	32798614:32798614	G/C	0.276835	G	resistant starch	8.39e-08	22.53		31430915		Plant_quality(26)		32798614	yes	G/G
67755	osa16106740	11	16720209:16720209	C/T	0.320933	C	germination index	0.000825			28282385		Plantvigor(23)		16720209	yes	C/C
68372	osa16170452	11	17714592:17714592	C/T	0.399754	C	nitrogen balance index	8.47e-05	5.4		29163588		Plantgrowth_Development(17)		17714592	yes	C/C
70867	osa16324922	11	20551013:20551013	A/G	0.412285	A	stem diameter	2.37e-12			33159401		Plantmorphology(191)		20551013	yes	A/A
70868	osa16324922	11	20551013:20551013	A/G	0.412285	A	stem diameter	7.65e-12			33159401		Plantmorphology(191)		20551013	yes	A/A
70869	osa16324922	11	20551013:20551013	A/G	0.412285	A	stem diameter	9.58e-12			33159401		Plantmorphology(191)		20551013	yes	A/A
70870	osa16324922	11	20551013:20551013	A/G	0.412285	A	breaking strength of the basal internode	2.24e-11			33159401		Plantmorphology(191)		20551013	yes	A/A
70871	osa16324922	11	20551013:20551013	A/G	0.412285	A	stem thickness	5.04e-11			33159401		Plantmorphology(191)		20551013	yes	A/A
70872	osa16324922	11	20551013:20551013	A/G	0.412285	A	stem thickness	2.42e-11			33159401		Plantmorphology(191)		20551013	yes	A/A
70873	osa16324922	11	20551013:20551013	A/G	0.412285	A	stem diameter	5e-14			33159401		Plantmorphology(191)		20551013	yes	A/A
70874	osa16324922	11	20551013:20551013	A/G	0.412285	A	stem diameter	2.09e-14			33159401		Plantmorphology(191)		20551013	yes	A/A
70875	osa16324922	11	20551013:20551013	A/G	0.412285	A	stem diameter	4.88e-14			33159401		Plantmorphology(191)		20551013	yes	A/A
70876	osa16324922	11	20551013:20551013	A/G	0.412285	A	breaking strength of the basal internode	2.27e-12			33159401		Plantmorphology(191)		20551013	yes	A/A
74203	osa16614286	11	25562299:25562299	C/A	0.351553	C	plant height	6.76e-06			35371188		Plantmorphology(191)		25562299	yes	C/C
97996	osa16904352	12	2514914:2514914	G/A	0.4774	G	sulfur content	3.72e-07			35371188		Biochemical(103)		2514914	yes	G/G
99848	osa17527160	12	14256332:14256332	T/C	0.246736	T	grain silica concentration	2.09e-06			35371188		Biochemical(103)		14256332	yes	T/T
99992	osa17630882	12	16155447:16155447	C/A	0.257344	C	days to heading	0.000757	38.91		29872443		Plantgrowth_Development(17)		16155447	yes	C/C
101692	osa17670862	12	17086365:17086365	G/A	0.467428	G	rice bacterial blight disease resistance	1.56e-08			34467412		Stress(66)		17086365	yes	G/G
101693	osa17670862	12	17086365:17086365	G/A	0.467428	G	rice bacterial blight disease resistance	1.56e-08			34077549		Stress(66)		17086365	yes	G/G
102628	osa17674246	12	17256806:17256806	G/A	0.310239	A	rice bacterial blight disease resistance	1.11e-13			34467412		Stress(66)		17256806	yes	A/A
102629	osa17674246	12	17256806:17256806	G/A	0.310239	A	rice bacterial blight disease resistance	1.08e-13			34467412		Stress(66)		17256806	yes	A/A
102630	osa17674246	12	17256806:17256806	G/A	0.310239	A	rice bacterial blight disease resistance	1.15e-10			34467412		Stress(66)		17256806	yes	A/A
102631	osa17674246	12	17256806:17256806	G/A	0.310239	A	rice bacterial blight disease resistance	7.32e-11			33638765		Stress(66)		17256806	yes	A/A
102632	osa17674246	12	17256806:17256806	G/A	0.310239	A	rice bacterial blight disease resistance	1.42e-09			34077549		Stress(66)		17256806	yes	A/A
102633	osa17674246	12	17256806:17256806	G/A	0.310239	A	rice bacterial blight disease resistance	1.08e-13			34077549		Stress(66)		17256806	yes	A/A
102634	osa17674246	12	17256806:17256806	G/A	0.310239	A	rice bacterial blight disease resistance	1.11e-13			34077549		Stress(66)		17256806	yes	A/A
102635	osa17674246	12	17256806:17256806	G/A	0.310239	A	rice bacterial blight disease resistance	1.15e-10			34077549		Stress(66)		17256806	yes	A/A
105697	osa17679717	12	17348148:17348148	A/G	0.457694	A	rice bacterial blight disease resistance	2.9e-08			33638765		Stress(66)		17348148	yes	A/A
105698	osa17679717	12	17348148:17348148	A/G	0.457694	A	rice bacterial blight disease resistance	8.16e-10			34077549		Stress(66)		17348148	yes	A/A
105699	osa17679717	12	17348148:17348148	A/G	0.457694	A	rice bacterial blight disease resistance	2.74e-11			34077549		Stress(66)		17348148	yes	A/A
105700	osa17679717	12	17348148:17348148	A/G	0.457694	A	rice bacterial blight disease resistance	8.16e-10			34467412		Stress(66)		17348148	yes	A/A
105701	osa17679717	12	17348148:17348148	A/G	0.457694	A	rice bacterial blight disease resistance	2.74e-11			34467412		Stress(66)		17348148	yes	A/A
108274	osa17683079	12	17399161:17399161	T/C	0.453998	T	rice bacterial blight disease resistance	5.6e-11			34467412		Stress(66)		17399161	yes	T/T
108275	osa17683079	12	17399161:17399161	T/C	0.453998	T	rice bacterial blight disease resistance	2.94e-09			34467412		Stress(66)		17399161	yes	T/T
108276	osa17683079	12	17399161:17399161	T/C	0.453998	T	rice bacterial blight disease resistance	2.94e-09			34077549		Stress(66)		17399161	yes	T/T
108277	osa17683079	12	17399161:17399161	T/C	0.453998	T	rice bacterial blight disease resistance	5.6e-11			34077549		Stress(66)		17399161	yes	T/T
108286	osa17683111	12	17400537:17400537	C/A	0.398973	C	rice bacterial blight disease resistance	1.8e-08			34077549		Stress(66)		17400537	yes	C/C
108287	osa17683111	12	17400537:17400537	C/A	0.398973	C	rice bacterial blight disease resistance	1.8e-08			34467412		Stress(66)		17400537	yes	C/C
108288	osa17683112	12	17400550:17400550	T/G	0.396681	T	rice bacterial blight disease resistance	2.13e-08			34467412		Stress(66)		17400550	yes	T/T
108289	osa17683112	12	17400550:17400550	T/G	0.396681	T	rice bacterial blight disease resistance	2.13e-08			34077549		Stress(66)		17400550	yes	T/T
110447	osa18050762	12	24896242:24896242	C/T	0.212176	C	germination index	0.000637			28282385		Plantvigor(23)		24896242	yes	C/C
161761	osa1948236	1	41281291:41281291	G/A	0.491775	G	sulfur content	2.45e-06			35371188		Biochemical(103)		41281291	yes	G/G
171125	osa2370333	2	7699096:7699096	A/G	0.356829	A	plant height	0.00072	3.95		32407369		Plantmorphology(191)		7699096	yes	A/A
171500	osa2376389	2	7805704:7805704	T/C	0.347401	T	1000-grain weight	5.53e-07			33767346		Plantmorphology(191)		7805704	yes	T/T
171523	osa2380644	2	7899700:7899700	T/A	0.385187	T	1000-grain weight	1.72e-07			33767346		Plantmorphology(191)		7899700	yes	T/T
171576	osa2393590	2	8153180:8153180	A/C	0.259188	A	the xylem area of large vascular bundle	4.3e-07	9.23		33288021		Plantmorphology(191)		8153180	yes	A/A
172169	osa2657273	2	13322137:13322137	G/A	0.404261	G	panicle number	9.33e-05			31792643		Biologicalprocess(19)		13322137	yes	G/G
174684	osa3337800	2	26116015:26116015	T/C	0.326131	T	seed calcium concentration	1.15e-06			35371188		Biochemical(103)		26116015	yes	T/T
174751	osa3365475	2	26744192:26744192	C/A	0.464934	C	flag leaf angle	2.53e-08		1.0	34064770		Plantmorphology(191)		26744192	yes	C/C
180360	osa3972981	3	5193946:5193946	T/C	0.364238	T	rice seedling blight disease resistance	1.89e-06	2.82		33830376		Stress(66)		5193946	yes	T/T
180361	osa3972990	3	5194339:5194339	T/G	0.444514	T	rice seedling blight disease resistance	1.21e-06	2.82		33830376		Stress(66)		5194339	yes	T/T
184941	osa4058390	3	7256887:7256887	T/C	0.44474	T	pericarp color	3.49e-06	2.92		35356125		Plantmorphology(191)		7256887	yes	T/T
184942	osa4058390	3	7256887:7256887	T/C	0.44474	T	pericarp color	3.49e-06	2.92		35356125		Plantmorphology(191)		7256887	yes	T/T
186004	osa432620	1	9551518:9551518	A/G	0.476694	A	panicle number	0.000119	18.69		29872443		Biologicalprocess(19)		9551518	yes	A/A
186810	osa4343594	3	13955070:13955070	G/T	0.392099	G	breaking strength of the basal internode	6.02e-12			33159401		Plantmorphology(191)		13955070	yes	G/G
186811	osa4343594	3	13955070:13955070	G/T	0.392099	G	breaking strength of the basal internode	5.7e-12			33159401		Plantmorphology(191)		13955070	yes	G/G
186812	osa4343594	3	13955070:13955070	G/T	0.392099	G	stem thickness	4.13e-11			33159401		Plantmorphology(191)		13955070	yes	G/G
186813	osa4343594	3	13955070:13955070	G/T	0.392099	G	stem thickness	6.14e-11			33159401		Plantmorphology(191)		13955070	yes	G/G
186814	osa4343594	3	13955070:13955070	G/T	0.392099	G	stem thickness	1.4e-11			33159401		Plantmorphology(191)		13955070	yes	G/G
187030	osa4344626	3	13986533:13986533	A/G	0.363023	A	breaking strength of the basal internode	8.95e-12			33159401		Plantmorphology(191)		13986533	yes	A/A
187031	osa4344626	3	13986533:13986533	A/G	0.363023	A	stem thickness	1.53e-11			33159401		Plantmorphology(191)		13986533	yes	A/A
187032	osa4344626	3	13986533:13986533	A/G	0.363023	A	breaking strength of the basal internode	1.94e-11			33159401		Plantmorphology(191)		13986533	yes	A/A
191803	osa4516579	3	17189483:17189483	C/T	0.332762	C	pericarp color	6.32e-11			29746484		Plantmorphology(191)		17189483	yes	C/C
192654	osa4591216	3	18622337:18622337	T/C	0.326391	T	pericarp color	1.03e-23		1.0	29746484		Plantmorphology(191)		18622337	yes	T/T
192786	osa4611263	3	19038367:19038367	G/T	0.399822	G	pericarp color	4.24e-11			29746484		Plantmorphology(191)		19038367	yes	G/G
192794	osa4611507	3	19040381:19040381	C/T	0.468517	C	pericarp color	2.49e-08			29746484		Plantmorphology(191)		19040381	yes	C/C
193124	osa4662994	3	20012671:20012671	G/A	0.35271	G	pericarp color	5.23e-22			29746484		Plantmorphology(191)		20012671	yes	G/G
193275	osa4683828	3	20289376:20289376	G/C	0.358534	G	pericarp color	7.31e-12			29746484		Plantmorphology(191)		20289376	yes	G/G
193301	osa4687618	3	20351292:20351292	T/C	0.327103	T	pericarp color	2.46e-19			29746484		Plantmorphology(191)		20351292	yes	T/T
193459	osa4701131	3	20606033:20606033	A/G	0.321886	A	pericarp color	1.37e-15			29746484		Plantmorphology(191)		20606033	yes	A/A
193471	osa4702228	3	20629521:20629521	G/A	0.400488	G	pericarp color	1.22e-08			29746484		Plantmorphology(191)		20629521	yes	G/G
193590	osa4712851	3	20806053:20806053	T/C	0.330711	T	pericarp color	4.48e-08			29746484		Plantmorphology(191)		20806053	yes	T/T
194085	osa4753326	3	21563864:21563864	T/C	0.30345	T	pericarp color	1.07e-17			29746484		Plantmorphology(191)		21563864	yes	T/T
194389	osa4824082	3	22884004:22884004	A/G	0.364161	A	pericarp color	7.05e-10			29746484		Plantmorphology(191)		22884004	yes	A/A
194761	osa4896272	3	24237254:24237254	C/T	0.44044	C	pericarp color	2.62e-12			29746484		Plantmorphology(191)		24237254	yes	C/C
197061	osa5424194	3	35346488:35346488	G/A	0.25219	G	panicle number	7.64e-05			30669971		Biologicalprocess(19)		35346488	yes	G/G
197063	osa5424265	3	35347873:35347873	A/G	0.254426	A	panicle number	7.64e-05			30669971		Biologicalprocess(19)		35347873	yes	A/A
198270	osa5478418	4	142087:142087	G/A	0.378499	G	grain length to width ratio	4.59e-05			35576158		Plantmorphology(191)		142087	yes	G/G
199979	osa5755793	4	5071856:5071856	C/A	0.428282	C	grain yield trait	5.94e-06			31792643		Yield(14)		5071856	yes	C/C
199982	osa5756196	4	5074659:5074659	G/A	0.378549	G	grain yield trait	3.28e-05			31792643		Yield(14)		5074659	yes	G/G
201358	osa5988052	4	9928128:9928128	T/C	0.186008	T	grain silica concentration	1.35e-06			35371188		Biochemical(103)		9928128	yes	T/T
201966	osa6029480	4	10833713:10833713	C/T	0.418278	C	brown planthopper resistance	2.02e-12		1.0	34302720		Stress(66)		10833713	yes	C/C
245897	osa7130541	4	34528695:34528695	G/A	0.490199	G	grain number	4.8e-07			33767346		Plantmorphology(191)		34528695	yes	G/G
245898	osa7130542	4	34528730:34528730	T/C	0.499576	T	grain number	4.8e-07			33767346		Plantmorphology(191)		34528730	yes	T/T
245899	osa7130543	4	34528754:34528754	T/C	0.471315	T	grain number	4.8e-07			33767346		Plantmorphology(191)		34528754	yes	T/T
249798	osa7409751	5	5359283:5359283	A/G	0.498556	A	head rice yield	5.5e-11			31145789		Yield(14)		5359283	yes	A/A
251204	osa753028	1	15639778:15639778	C/A	0.426839	C	seed calcium concentration	5.13e-06			35371188		Biochemical(103)		15639778	yes	C/C
251382	osa774064	1	16190978:16190978	G/A	0.39613	G	panicle number	1.02e-05	31.84		29872443		Biologicalprocess(19)		16190978	yes	G/G
267729	osa9050479	6	9642009:9642009	A/G	0.0943651	A	chlorophyll content	8.19e-06			30796281		Biochemical(103)		9642009	yes	A/A
268241	osa9069174	6	10021464:10021464	A/T	0.351808	A	stem thickness	8.85e-06			33159401		Plantmorphology(191)		10021464	yes	A/A
268242	osa9069174	6	10021464:10021464	A/T	0.351808	A	stem diameter	0.0009			33159401		Plantmorphology(191)		10021464	yes	A/A
268243	osa9069174	6	10021464:10021464	A/T	0.351808	A	stem diameter	0.000237			33159401		Plantmorphology(191)		10021464	yes	A/A
268244	osa9069174	6	10021464:10021464	A/T	0.351808	A	stem diameter	0.000379			33159401		Plantmorphology(191)		10021464	yes	A/A
269683	osa9081578	6	10269767:10269767	T/C	0.401432	T	shoot fresh weight	4.87e-05	7.7		29078746		Plantmorphology(191)		10269767	yes	T/T
269684	osa9081578	6	10269767:10269767	T/C	0.401432	T	shoot dry weight	2.46e-05	8.3		29078746		Plantmorphology(191)		10269767	yes	T/T
271577	osa9223098	6	12897677:12897677	C/T	0.434201	C	root thickness	6.17e-07	0.67		34215814		Plantmorphology(191)		12897677	yes	C/C
271621	osa9240274	6	13137656:13137656	T/A	0.383615	T	grain pb concentrations	1.09e-06			30804959		Biochemical(103)		13137656	yes	T/T
273532	osa9614371	6	20188807:20188807	A/G	0.253467	A	seed weight	0.000518			28282385		Plantmorphology(191)		20188807	yes	A/A
276833	osa9746209	6	22535003:22535003	C/T	0.474819	C	filled grain number	6.19e-05			31792643		Plantmorphology(191)		22535003	yes	C/C
277936	osa9849754	6	24749321:24749321	A/C	0.0927577	A	seed weight	0.000968			28282385		Plantmorphology(191)		24749321	yes	A/A
277937	osa9849754	6	24749321:24749321	A/C	0.0927577	A	seed weight	0.000266			28282385		Plantmorphology(191)		24749321	yes	A/A
278571	osa9955313	6	27011986:27011986	A/T	0.298314	A	seed calcium concentration	7.59e-06			35371188		Biochemical(103)		27011986	yes	A/A
