9821	osa10517762	7	8178376:8178376	T/C	0.327623	T	sulfur content	3.47e-06			35371188		Biochemical(103)		8178376	yes	T/T
9822	osa10517762	7	8178376:8178376	T/C	0.327623	T	sulfur content	3.55e-09		1.0	35371188		Biochemical(103)		8178376	yes	T/T
11413	osa10578618	7	9161046:9161046	G/A	0.430335	G	grain selenium concentrations	8.98e-11	13.34		31734869		Biochemical(103)		9161046	yes	G/G
12508	osa10589211	7	9333927:9333927	G/A	0.349103	G	stem diameter	4.01e-11			33159401		Plantmorphology(191)		9333927	yes	G/G
12509	osa10589211	7	9333927:9333927	G/A	0.349103	G	stem diameter	4.76e-11			33159401		Plantmorphology(191)		9333927	yes	G/G
12717	osa10595770	7	9436160:9436160	T/C	0.327547	T	stem diameter	6.39e-11			33159401		Plantmorphology(191)		9436160	yes	T/T
12718	osa10595770	7	9436160:9436160	T/C	0.327547	T	stem diameter	6.44e-11			33159401		Plantmorphology(191)		9436160	yes	T/T
20327	osa10807602	7	13842912:13842912	C/T	0.16456	T	grain length to width ratio	1.85e-05			28374863		Plantmorphology(191)		13842912	yes	T/T
20328	osa10807602	7	13842912:13842912	C/T	0.16456	T	panicle width	0.000886			28374863		Plantmorphology(191)		13842912	yes	T/T
20585	osa10817766	7	14405259:14405259	A/G	0.391544	A	seed fertility	0.000806			28282385		Plantmorphology(191)		14405259	yes	A/A
21147	osa10957216	7	16921989:16921989	T/G	0.36529	T	panicle length	6.05e-07			34487253		Plantmorphology(191)		16921989	yes	T/T
21693	osa11041877	7	18774720:18774720	T/C	0.227949	T	grain projected area	2.01e-08	5.87	1.0	25295980		Plantmorphology(191)		18774720	yes	T/T
21767	osa11059675	7	19109286:19109286	C/T	0.368916	C	stem thickness	6.16e-05			33159401		Plantmorphology(191)		19109286	yes	C/C
21775	osa11064065	7	19206537:19206537	G/A	0.462868	G	stem thickness	0.000332			33159401		Plantmorphology(191)		19206537	yes	G/G
21776	osa11064065	7	19206537:19206537	G/A	0.462868	G	stem thickness	1.16e-05			33159401		Plantmorphology(191)		19206537	yes	G/G
22573	osa11228191	7	22582951:22582951	C/T	0.440134	C	germination index	0.000197			28282385		Plantvigor(23)		22582951	yes	C/C
25293	osa11280834	7	23920508:23920508	G/A	0.479747	G	grain width	0.000239	11.07		25785447		Plantmorphology(191)		23920508	yes	G/G
25294	osa11280834	7	23920508:23920508	G/A	0.479747	G	grain length to width ratio	2.12e-07	19.54		25785447		Plantmorphology(191)		23920508	yes	G/G
25295	osa11280834	7	23920508:23920508	G/A	0.479747	G	grain length to width ratio	0.000235	13.23		25785447		Plantmorphology(191)		23920508	yes	G/G
25416	osa11284728	7	24007086:24007086	T/C	0.469376	T	grain length to width ratio	2.3e-06	18.34		25785447		Plantmorphology(191)		24007086	yes	T/T
25417	osa11284728	7	24007086:24007086	T/C	0.469376	T	grain width	0.000621	10.72		25785447		Plantmorphology(191)		24007086	yes	T/T
30569	osa11346663	7	25456343:25456343	C/T	0.425638	C	relative total root surface area	3.59e-05	15.28		35557725		Stress(66)		25456343	yes	C/C
30574	osa11346812	7	25458703:25458703	T/C	0.411281	T	relative total root surface area	3.59e-05	15.28		35557725		Stress(66)		25458703	yes	T/T
30607	osa11347606	7	25475279:25475279	T/C	0.287259	T	relative total root surface area	1.88e-05	20.88		35557725		Stress(66)		25475279	yes	T/T
43919	osa11860961	8	7295432:7295432	A/G	0.398058	A	germination index	0.000468			28282385		Plantvigor(23)		7295432	yes	A/A
45632	osa12018588	8	10250029:10250029	G/A	0.479995	G	the total area of large vascular bundle	6.6e-06	20.2		33288021		Plantmorphology(191)		10250029	yes	G/G
45633	osa12018588	8	10250029:10250029	G/A	0.479995	G	the xylem area of large vascular bundle	1e-06	23.31		33288021		Plantmorphology(191)		10250029	yes	G/G
45750	osa1206500	1	24512705:24512705	G/A	0.483188	G	grain silica concentration	1.1e-06			35371188		Biochemical(103)		24512705	yes	G/G
45925	osa12136088	8	12447246:12447246	T/C	0.224624	T	chlorophyll content	4.24e-08		1.0	30796281		Biochemical(103)		12447246	yes	T/T
45926	osa12136088	8	12447246:12447246	T/C	0.224624	T	chlorophyll content	8.41e-08			30796281		Biochemical(103)		12447246	yes	T/T
48928	osa12689290	8	22966689:22966689	G/T	0.344751	G	salt tolerance index of K+ /Na+ ratio	7.65e-05	17.69		35557725		Stress(66)		22966689	yes	G/G
50697	osa13044086	9	2000551:2000551	T/C	0.437665	T	phosphorus concentration	8.13e-06			35371188		Biochemical(103)		2000551	yes	T/T
50741	osa13112275	9	3426051:3426051	C/T	0.408003	C	phosphorus concentration	3.31e-06			35371188		Biochemical(103)		3426051	yes	C/C
50804	osa13143389	9	3986345:3986345	A/G	0.337224	A	seed fertility	0.000473			28282385		Plantmorphology(191)		3986345	yes	A/A
51568	osa13353700	9	7980776:7980776	T/C	0.146621	T	panicle length	1.76e-06			34487253		Plantmorphology(191)		7980776	yes	T/T
51691	osa13396981	9	8994288:8994288	C/T	0.35259	C	rice bacterial blight disease resistance	9.56e-05			34185169		Stress(66)		8994288	yes	C/C
51946	osa13522723	9	11094607:11094607	G/A	0.490234	G	germination index	0.000795			28282385		Plantvigor(23)		11094607	yes	G/G
52247	osa13600949	9	12460264:12460264	T/C	0.369146	T	panicle number	9.56e-05			31792643		Biologicalprocess(19)		12460264	yes	T/T
52291	osa13620337	9	12811399:12811399	G/A	0.442369	G	stem diameter	0.00049			33159401		Plantmorphology(191)		12811399	yes	G/G
52292	osa13620337	9	12811399:12811399	G/A	0.442369	G	stem diameter	0.000201			33159401		Plantmorphology(191)		12811399	yes	G/G
52373	osa13668980	9	13731769:13731769	G/C	0.419312	G	breaking strength of the basal internode	0.000313			33159401		Plantmorphology(191)		13731769	yes	G/G
52840	osa13801296	9	16592257:16592257	G/T	0.302815	G	seed weight	0.000603			28282385		Plantmorphology(191)		16592257	yes	G/G
57286	osa14316988	10	4011130:4011130	C/A	0.26853	C	relative total lesion length	2.54e-09		1.0	31853678		Stress(66)		4011130	yes	C/C
57629	osa14510638	10	7718442:7718442	C/T	0.319718	C	grain width	1.17e-09	9.64	1.0	35162989		Plantmorphology(191)		7718442	yes	C/C
57630	osa14510638	10	7718442:7718442	C/T	0.319718	C	grain length to width ratio	8.72e-08	9.06		35162989		Plantmorphology(191)		7718442	yes	C/C
57631	osa14510638	10	7718442:7718442	C/T	0.319718	C	grain length to width ratio	1.34e-07	8.5		35162989		Plantmorphology(191)		7718442	yes	C/C
57632	osa14510638	10	7718442:7718442	C/T	0.319718	C	grain length to width ratio	1.63e-08	8.11	1.0	35162989		Plantmorphology(191)		7718442	yes	C/C
57665	osa14537825	10	8290852:8290852	T/A	0.302	T	total biomass yield	3e-06	9.3		35281797		Plantmorphology(191)		8290852	yes	T/T
57686	osa14550405	10	8553013:8553013	C/A	0.333851	C	grain width	1.48e-07	9.21		35162989		Plantmorphology(191)		8553013	yes	C/C
57971	osa14626227	10	9950070:9950070	G/A	0.419806	G	grain silica concentration	4.47e-06			35371188		Biochemical(103)		9950070	yes	G/G
60355	osa14761085	10	12696271:12696271	T/A	0.454228	T	relative plant height	0.000859			25371505		Stress(66)		12696271	yes	T/T
60609	osa14889556	10	15384841:15384841	T/C	0.354995	T	grain molybdenum concentration	2.46e-08	27.99		32972357		Biochemical(103)		15384841	yes	T/T
60610	osa14889556	10	15384841:15384841	T/C	0.354995	T	grain molybdenum concentration	8.54e-09	27.99	1.0	32972357		Biochemical(103)		15384841	yes	T/T
60611	osa14889556	10	15384841:15384841	T/C	0.354995	T	grain molybdenum concentration	4.41e-06	27.99		32972357		Biochemical(103)		15384841	yes	T/T
61231	osa14998028	10	17707829:17707829	T/C	0.406321	T	electrolyte leakage	2.84e-08		1.0	26381647		Biologicalprocess(19)		17707829	yes	T/T
61232	osa14998028	10	17707829:17707829	T/C	0.406321	T	ratio of electrolyte leakage	9.47e-09		1.0	26381647		Biologicalprocess(19)		17707829	yes	T/T
61704	osa15065764	10	19123402:19123402	T/A	0.467688	T	rice bacterial blight disease resistance	4.74e-06			34185169		Stress(66)		19123402	yes	T/T
61946	osa15101132	10	19942024:19942024	A/C	0.281535	A	arsenic content ratio	0.00013			31194746		Biochemical(103)		19942024	yes	A/A
62318	osa15273577	11	1009154:1009154	C/A	0.411032	C	panicle number	0.000571			31208337		Biologicalprocess(19)		1009154	yes	C/C
63307	osa1546410	1	31913413:31913413	A/G	0.29845	A	resistant starch	6.28e-05	13.27		31430915		Plant_quality(26)		31913413	yes	A/A
63766	osa1555016	1	32120484:32120484	G/A	0.421165	G	arsenic content trait	8.91e-05			31194746		Biochemical(103)		32120484	yes	G/G
66502	osa1584155	1	32798614:32798614	G/C	0.276835	G	resistant starch	8.39e-08	22.53		31430915		Plant_quality(26)		32798614	yes	G/G
66512	osa15854129	11	12721575:12721575	G/A	0.403041	G	grain as concentrations	9.33e-06			35371188		Biochemical(103)		12721575	yes	G/G
68372	osa16170452	11	17714592:17714592	C/T	0.399754	C	nitrogen balance index	8.47e-05	5.4		29163588		Plantgrowth_Development(17)		17714592	yes	C/C
68512	osa16183378	11	17898443:17898443	C/T	0.372458	C	uppermost internode	5.66e-05			31535313		Yield(14)		17898443	yes	C/C
69223	osa16222757	11	18590363:18590363	T/C	0.129362	T	plant height	7.08e-06			35371188		Plantmorphology(191)		18590363	yes	T/T
72717	osa16445836	11	22546371:22546371	C/G	0.430287	C	stem diameter	2.69e-12			33159401		Plantmorphology(191)		22546371	yes	C/C
72718	osa16445836	11	22546371:22546371	C/G	0.430287	C	stem diameter	3.36e-11			33159401		Plantmorphology(191)		22546371	yes	C/C
72719	osa16445836	11	22546371:22546371	C/G	0.430287	C	stem diameter	6.41e-11			33159401		Plantmorphology(191)		22546371	yes	C/C
72720	osa16445836	11	22546371:22546371	C/G	0.430287	C	breaking strength of the basal internode	1.06e-11		1.0	33159401		Plantmorphology(191)		22546371	yes	C/C
73490	osa16469246	11	23015159:23015159	C/G	0.475384	C	stem diameter	8.02e-14			33159401		Plantmorphology(191)		23015159	yes	C/C
73491	osa16469246	11	23015159:23015159	C/G	0.475384	C	stem diameter	8.93e-15			33159401		Plantmorphology(191)		23015159	yes	C/C
73492	osa16469246	11	23015159:23015159	C/G	0.475384	C	stem diameter	8.01e-15			33159401		Plantmorphology(191)		23015159	yes	C/C
73493	osa16469246	11	23015159:23015159	C/G	0.475384	C	stem diameter	3.42e-13			33159401		Plantmorphology(191)		23015159	yes	C/C
73494	osa16469246	11	23015159:23015159	C/G	0.475384	C	stem diameter	4.16e-13			33159401		Plantmorphology(191)		23015159	yes	C/C
73495	osa16469246	11	23015159:23015159	C/G	0.475384	C	stem diameter	1.67e-12			33159401		Plantmorphology(191)		23015159	yes	C/C
73519	osa16470151	11	23026353:23026353	A/G	0.340783	A	root dry weight	5.25e-05	7.6		29078746		Plantmorphology(191)		23026353	yes	A/A
73520	osa16470151	11	23026353:23026353	A/G	0.340783	A	shoot fresh weight	3.1e-05	8.1		29078746		Plantmorphology(191)		23026353	yes	A/A
73555	osa16473711	11	23101149:23101149	G/T	0.357982	G	shoot fresh weight	3.15e-06	10.2		29078746		Plantmorphology(191)		23101149	yes	G/G
73556	osa16473711	11	23101149:23101149	G/T	0.357982	G	shoot dry weight	1.5e-05	8.8		29078746		Plantmorphology(191)		23101149	yes	G/G
73557	osa16473711	11	23101149:23101149	G/T	0.357982	G	root dry weight	8.13e-05	6.8		29078746		Plantmorphology(191)		23101149	yes	G/G
73558	osa16473711	11	23101149:23101149	G/T	0.357982	G	root dry weight	1.37e-05	8.8		29078746		Plantmorphology(191)		23101149	yes	G/G
73976	osa16547989	11	24422778:24422778	G/A	0.342804	A	germination index	0.000416			28282385		Plantvigor(23)		24422778	yes	A/A
74071	osa16591606	11	25113696:25113696	A/G	0.194672	A	seed fertility	0.000699			28282385		Plantmorphology(191)		25113696	yes	A/A
74203	osa16614286	11	25562299:25562299	C/A	0.351553	C	plant height	6.76e-06			35371188		Plantmorphology(191)		25562299	yes	C/C
95213	osa16768581	11	28437218:28437218	T/C	0.231623	C	rice bacterial blight disease resistance	8.51e-09			34467412		Stress(66)		28437218	yes	C/C
95214	osa16768581	11	28437218:28437218	T/C	0.231623	C	rice bacterial blight disease resistance	8.51e-09			34077549		Stress(66)		28437218	yes	C/C
95215	osa16768589	11	28437260:28437260	A/T	0.231059	T	rice bacterial blight disease resistance	3.51e-11			34077549		Stress(66)		28437260	yes	T/T
95216	osa16768589	11	28437260:28437260	A/T	0.231059	T	rice bacterial blight disease resistance	3.51e-11			34467412		Stress(66)		28437260	yes	T/T
97996	osa16904352	12	2514914:2514914	G/A	0.4774	G	sulfur content	3.72e-07			35371188		Biochemical(103)		2514914	yes	G/G
99747	osa17459034	12	12817350:12817350	G/A	0.17523	G	spikelet number	1.61e-05			31792643		Plantmorphology(191)		12817350	yes	G/G
99875	osa17548250	12	14605749:14605749	A/G	0.193121	A	seed fertility	0.000411			28282385		Plantmorphology(191)		14605749	yes	A/A
99876	osa17548250	12	14605749:14605749	A/G	0.193121	A	seed weight	0.000492			28282385		Plantmorphology(191)		14605749	yes	A/A
99992	osa17630882	12	16155447:16155447	C/A	0.257344	C	days to heading	0.000757	38.91		29872443		Plantgrowth_Development(17)		16155447	yes	C/C
101692	osa17670862	12	17086365:17086365	G/A	0.467428	G	rice bacterial blight disease resistance	1.56e-08			34467412		Stress(66)		17086365	yes	G/G
101693	osa17670862	12	17086365:17086365	G/A	0.467428	G	rice bacterial blight disease resistance	1.56e-08			34077549		Stress(66)		17086365	yes	G/G
104157	osa17676513	12	17282922:17282922	A/G	0.473364	A	rice bacterial blight disease resistance	1.87e-09			34077549		Stress(66)		17282922	yes	A/A
104158	osa17676513	12	17282922:17282922	A/G	0.473364	A	rice bacterial blight disease resistance	1.87e-09			34467412		Stress(66)		17282922	yes	A/A
104159	osa17676513	12	17282922:17282922	A/G	0.473364	A	rice bacterial blight disease resistance	1.46e-08			33638765		Stress(66)		17282922	yes	A/A
104160	osa17676513	12	17282922:17282922	A/G	0.473364	A	m. graminicola resistance	4.51e-05			26552884		Stress(66)		17282922	yes	A/A
105697	osa17679717	12	17348148:17348148	A/G	0.457694	A	rice bacterial blight disease resistance	2.9e-08			33638765		Stress(66)		17348148	yes	A/A
105698	osa17679717	12	17348148:17348148	A/G	0.457694	A	rice bacterial blight disease resistance	8.16e-10			34077549		Stress(66)		17348148	yes	A/A
105699	osa17679717	12	17348148:17348148	A/G	0.457694	A	rice bacterial blight disease resistance	2.74e-11			34077549		Stress(66)		17348148	yes	A/A
105700	osa17679717	12	17348148:17348148	A/G	0.457694	A	rice bacterial blight disease resistance	8.16e-10			34467412		Stress(66)		17348148	yes	A/A
105701	osa17679717	12	17348148:17348148	A/G	0.457694	A	rice bacterial blight disease resistance	2.74e-11			34467412		Stress(66)		17348148	yes	A/A
108274	osa17683079	12	17399161:17399161	T/C	0.453998	T	rice bacterial blight disease resistance	5.6e-11			34467412		Stress(66)		17399161	yes	T/T
108275	osa17683079	12	17399161:17399161	T/C	0.453998	T	rice bacterial blight disease resistance	2.94e-09			34467412		Stress(66)		17399161	yes	T/T
108276	osa17683079	12	17399161:17399161	T/C	0.453998	T	rice bacterial blight disease resistance	2.94e-09			34077549		Stress(66)		17399161	yes	T/T
108277	osa17683079	12	17399161:17399161	T/C	0.453998	T	rice bacterial blight disease resistance	5.6e-11			34077549		Stress(66)		17399161	yes	T/T
108286	osa17683111	12	17400537:17400537	C/A	0.398973	C	rice bacterial blight disease resistance	1.8e-08			34077549		Stress(66)		17400537	yes	C/C
108287	osa17683111	12	17400537:17400537	C/A	0.398973	C	rice bacterial blight disease resistance	1.8e-08			34467412		Stress(66)		17400537	yes	C/C
108288	osa17683112	12	17400550:17400550	T/G	0.396681	T	rice bacterial blight disease resistance	2.13e-08			34467412		Stress(66)		17400550	yes	T/T
108289	osa17683112	12	17400550:17400550	T/G	0.396681	T	rice bacterial blight disease resistance	2.13e-08			34077549		Stress(66)		17400550	yes	T/T
110231	osa17991089	12	23629169:23629169	T/C	0.391976	T	guard cell width on the adaxial surface	1.3e-06			32582301		Biologicalprocess(19)		23629169	yes	T/T
110447	osa18050762	12	24896242:24896242	C/T	0.212176	C	germination index	0.000637			28282385		Plantvigor(23)		24896242	yes	C/C
110449	osa18051184	12	24904065:24904065	G/A	0.192053	G	germination index	0.000353			28282385		Plantvigor(23)		24904065	yes	G/G
161761	osa1948236	1	41281291:41281291	G/A	0.491775	G	sulfur content	2.45e-06			35371188		Biochemical(103)		41281291	yes	G/G
171125	osa2370333	2	7699096:7699096	A/G	0.356829	A	plant height	0.00072	3.95		32407369		Plantmorphology(191)		7699096	yes	A/A
171479	osa2375489	2	7791443:7791443	C/T	0.376882	C	1000-grain weight	5.27e-08			33767346		Plantmorphology(191)		7791443	yes	C/C
171481	osa2375504	2	7791662:7791662	A/G	0.37525	A	1000-grain weight	1.61e-09			33767346		Plantmorphology(191)		7791662	yes	A/A
171486	osa2375547	2	7792121:7792121	G/A	0.379974	G	1000-grain weight	9.21e-08			33767346		Plantmorphology(191)		7792121	yes	G/G
171540	osa2382546	2	7923531:7923531	G/A	0.443862	G	1000-grain weight	5.7e-07			33767346		Plantmorphology(191)		7923531	yes	G/G
171780	osa2449870	2	9472738:9472738	T/C	0.0873108	T	germination index	0.000913			28282385		Plantvigor(23)		9472738	yes	T/T
172169	osa2657273	2	13322137:13322137	G/A	0.404261	G	panicle number	9.33e-05			31792643		Biologicalprocess(19)		13322137	yes	G/G
172193	osa2681615	2	13877284:13877284	G/A	0.467177	G	grain silica concentration	1.74e-06			35371188		Biochemical(103)		13877284	yes	G/G
172310	osa2803308	2	15990665:15990665	T/A	0.413292	T	primary branch number	6.19e-10	2.06	1.0	33544455		Plantmorphology(191)		15990665	yes	T/T
173293	osa3108084	2	21820746:21820746	A/G	0.104945	A	panicle inflorescence exsertion	2.65e-05			31535313		Plantmorphology(191)		21820746	yes	A/A
174684	osa3337800	2	26116015:26116015	T/C	0.326131	T	seed calcium concentration	1.15e-06			35371188		Biochemical(103)		26116015	yes	T/T
174688	osa3338947	2	26136876:26136876	T/A	0.32096	T	root biomass	5.17e-06			31694217		Plantmorphology(191)		26136876	yes	T/T
175404	osa3509144	2	30035836:30035836	G/A	0.413357	G	seedling numbers	7.81e-05			31792643		Stress(66)		30035836	yes	G/G
180361	osa3972990	3	5194339:5194339	T/G	0.444514	T	rice seedling blight disease resistance	1.21e-06	2.82		33830376		Stress(66)		5194339	yes	T/T
181514	osa4019665	3	6310547:6310547	T/A	0.460883	T	stem thickness	1.76e-05			33159401		Plantmorphology(191)		6310547	yes	T/T
181515	osa4019665	3	6310547:6310547	T/A	0.460883	T	stem thickness	0.000115			33159401		Plantmorphology(191)		6310547	yes	T/T
181516	osa4019665	3	6310547:6310547	T/A	0.460883	T	stem thickness	1.35e-05			33159401		Plantmorphology(191)		6310547	yes	T/T
181999	osa4020686	3	6338614:6338614	A/G	0.466247	A	stem thickness	9.59e-05			33159401		Plantmorphology(191)		6338614	yes	A/A
182000	osa4020686	3	6338614:6338614	A/G	0.466247	A	stem thickness	1.06e-05			33159401		Plantmorphology(191)		6338614	yes	A/A
183801	osa4024034	3	6412228:6412228	T/C	0.471297	T	stem thickness	1.79e-05			33159401		Plantmorphology(191)		6412228	yes	T/T
183802	osa4024034	3	6412228:6412228	T/C	0.471297	T	stem thickness	0.000378			33159401		Plantmorphology(191)		6412228	yes	T/T
183803	osa4024034	3	6412228:6412228	T/C	0.471297	T	stem thickness	3.24e-05			33159401		Plantmorphology(191)		6412228	yes	T/T
183822	osa4024088	3	6412912:6412912	T/C	0.481045	T	stem thickness	7.26e-05			33159401		Plantmorphology(191)		6412912	yes	T/T
183823	osa4024088	3	6412912:6412912	T/C	0.481045	T	stem thickness	1.04e-05			33159401		Plantmorphology(191)		6412912	yes	T/T
183824	osa4024088	3	6412912:6412912	T/C	0.481045	T	stem thickness	1.79e-05			33159401		Plantmorphology(191)		6412912	yes	T/T
183825	osa4024121	3	6413206:6413206	T/C	0.494916	T	stem thickness	0.000144			33159401		Plantmorphology(191)		6413206	yes	T/T
183826	osa4024121	3	6413206:6413206	T/C	0.494916	T	stem thickness	1.5e-05			33159401		Plantmorphology(191)		6413206	yes	T/T
184916	osa4048469	3	7012384:7012384	C/T	0.371216	C	grain width	5.7e-05	7.4		28101096		Plantmorphology(191)		7012384	yes	C/C
186004	osa432620	1	9551518:9551518	A/G	0.476694	A	panicle number	0.000119	18.69		29872443		Biologicalprocess(19)		9551518	yes	A/A
187886	osa4347292	3	14026040:14026040	A/G	0.370615	A	stem thickness	6.83e-11			33159401		Plantmorphology(191)		14026040	yes	A/A
187894	osa4347317	3	14026157:14026157	A/G	0.37617	A	stem thickness	2.7e-11			33159401		Plantmorphology(191)		14026157	yes	A/A
188557	osa4374991	3	14608360:14608360	G/C	0.461286	G	the phloem area of large vascular bundle	2.1e-07	17.51		33288021		Plantmorphology(191)		14608360	yes	G/G
188871	osa4401764	3	15137319:15137319	C/G	0.285083	C	grain length to width ratio	8.16e-09	10.84		35162989		Plantmorphology(191)		15137319	yes	C/C
188872	osa4401764	3	15137319:15137319	C/G	0.285083	C	grain length to width ratio	1.86e-09	9.87		35162989		Plantmorphology(191)		15137319	yes	C/C
188873	osa4401764	3	15137319:15137319	C/G	0.285083	C	grain length to width ratio	6.38e-09	10.27		35162989		Plantmorphology(191)		15137319	yes	C/C
188874	osa4401764	3	15137319:15137319	C/G	0.285083	C	grain width	1.03e-09	9.42		35162989		Plantmorphology(191)		15137319	yes	C/C
188948	osa4432400	3	15695269:15695269	T/G	0.407008	T	root dry weight	6.02e-05	7.0		29078746		Plantmorphology(191)		15695269	yes	T/T
188949	osa4432400	3	15695269:15695269	T/G	0.407008	T	root dry weight	4.18e-05	7.8		29078746		Plantmorphology(191)		15695269	yes	T/T
192370	osa4562734	3	18003879:18003879	C/T	0.353252	C	pericarp color	2.13e-13			29746484		Plantmorphology(191)		18003879	yes	C/C
192594	osa4589466	3	18563738:18563738	G/A	0.356125	G	pericarp color	2.41e-17			29746484		Plantmorphology(191)		18563738	yes	G/G
192756	osa4607583	3	18968130:18968130	A/G	0.396398	A	pericarp color	3.11e-09			29746484		Plantmorphology(191)		18968130	yes	A/A
192794	osa4611507	3	19040381:19040381	C/T	0.468517	C	pericarp color	2.49e-08			29746484		Plantmorphology(191)		19040381	yes	C/C
192797	osa4612504	3	19051989:19051989	T/C	0.386278	T	pericarp color	9e-15			29746484		Plantmorphology(191)		19051989	yes	T/T
192925	osa4627952	3	19340528:19340528	C/T	0.367404	C	pericarp color	1.87e-14			29746484		Plantmorphology(191)		19340528	yes	C/C
192959	osa4634339	3	19460677:19460677	T/C	0.499739	T	salt tolerance	8.64e-06			31694217		Stress(66)		19460677	yes	T/T
193000	osa4638122	3	19537670:19537670	G/A	0.368968	G	spikelet per panicle	1.94e-06			34650575		Plantmorphology(191)		19537670	yes	G/G
193001	osa4638492	3	19543487:19543487	G/A	0.321985	G	pericarp color	3.43e-20			29746484		Plantmorphology(191)		19543487	yes	G/G
193275	osa4683828	3	20289376:20289376	G/C	0.358534	G	pericarp color	7.31e-12			29746484		Plantmorphology(191)		20289376	yes	G/G
193642	osa4721981	3	20990980:20990980	G/A	0.380446	G	pericarp color	2.41e-11			29746484		Plantmorphology(191)		20990980	yes	G/G
194389	osa4824082	3	22884004:22884004	A/G	0.364161	A	pericarp color	7.05e-10			29746484		Plantmorphology(191)		22884004	yes	A/A
194448	osa4830472	3	23014781:23014781	A/G	0.357887	A	pericarp color	5.39e-09			29746484		Plantmorphology(191)		23014781	yes	A/A
194510	osa4836648	3	23114701:23114701	G/A	0.422701	G	salt tolerance	4.72e-05	2.75		32561778		Stress(66)		23114701	yes	G/G
194562	osa4849283	3	23316290:23316290	A/G	0.357728	A	pericarp color	4.19e-09			29746484		Plantmorphology(191)		23316290	yes	A/A
194669	osa4874661	3	23794162:23794162	T/A	0.396647	T	pericarp color	9.48e-10			29746484		Plantmorphology(191)		23794162	yes	T/T
197061	osa5424194	3	35346488:35346488	G/A	0.25219	G	panicle number	7.64e-05			30669971		Biologicalprocess(19)		35346488	yes	G/G
197063	osa5424265	3	35347873:35347873	A/G	0.254426	A	panicle number	7.64e-05			30669971		Biologicalprocess(19)		35347873	yes	A/A
198270	osa5478418	4	142087:142087	G/A	0.378499	G	grain length to width ratio	4.59e-05			35576158		Plantmorphology(191)		142087	yes	G/G
198285	osa549204	1	11881413:11881413	A/G	0.342213	A	germination index	8.29e-05			28282385		Plantvigor(23)		11881413	yes	A/A
198286	osa549204	1	11881413:11881413	A/G	0.342213	A	germination index	0.000264			28282385		Plantvigor(23)		11881413	yes	A/A
198400	osa5500825	4	493281:493281	G/A	0.280652	G	panicle length	0.000173			31208337		Plantmorphology(191)		493281	yes	G/G
199979	osa5755793	4	5071856:5071856	C/A	0.428282	C	grain yield trait	5.94e-06			31792643		Yield(14)		5071856	yes	C/C
199982	osa5756196	4	5074659:5074659	G/A	0.378549	G	grain yield trait	3.28e-05			31792643		Yield(14)		5074659	yes	G/G
200046	osa5782579	4	5493646:5493646	G/C	0.358935	G	rice bacterial blight disease resistance	9.93e-05			34185169		Stress(66)		5493646	yes	G/G
201358	osa5988052	4	9928128:9928128	T/C	0.186008	T	grain silica concentration	1.35e-06			35371188		Biochemical(103)		9928128	yes	T/T
201966	osa6029480	4	10833713:10833713	C/T	0.418278	C	brown planthopper resistance	2.02e-12		1.0	34302720		Stress(66)		10833713	yes	C/C
236370	osa6881398	4	28802856:28802856	A/G	0.152883	A	panicle length	5.78e-08			34487253		Plantmorphology(191)		28802856	yes	A/A
236371	osa6881398	4	28802856:28802856	A/G	0.152883	A	plant height	7.76e-06			35371188		Plantmorphology(191)		28802856	yes	A/A
239913	osa6992121	4	31374509:31374509	A/G	0.152451	A	stem diameter	5.77e-13			33159401		Plantmorphology(191)		31374509	yes	A/A
239914	osa6992121	4	31374509:31374509	A/G	0.152451	A	stem diameter	3.47e-13			33159401		Plantmorphology(191)		31374509	yes	A/A
239915	osa6992121	4	31374509:31374509	A/G	0.152451	A	stem diameter	1.25e-13			33159401		Plantmorphology(191)		31374509	yes	A/A
245897	osa7130541	4	34528695:34528695	G/A	0.490199	G	grain number	4.8e-07			33767346		Plantmorphology(191)		34528695	yes	G/G
245898	osa7130542	4	34528730:34528730	T/C	0.499576	T	grain number	4.8e-07			33767346		Plantmorphology(191)		34528730	yes	T/T
245899	osa7130543	4	34528754:34528754	T/C	0.471315	T	grain number	4.8e-07			33767346		Plantmorphology(191)		34528754	yes	T/T
248616	osa7188783	5	463077:463077	G/A	0.466834	G	rice bacterial blight disease resistance	3.09e-05	9.0		33802191		Stress(66)		463077	yes	G/G
249910	osa7410673	5	5377198:5377198	T/C	0.494971	T	grain width	1.5800000000000001e-21			22138690		Plantmorphology(191)		5377198	yes	T/T
251193	osa7528757	5	7358447:7358447	T/C	0.121447	T	resistant starch	1.96e-05	42.08		32901332		Plant_quality(26)		7358447	yes	T/T
251204	osa753028	1	15639778:15639778	C/A	0.426839	C	seed calcium concentration	5.13e-06			35371188		Biochemical(103)		15639778	yes	C/C
251382	osa774064	1	16190978:16190978	G/A	0.39613	G	panicle number	1.02e-05	31.84		29872443		Biologicalprocess(19)		16190978	yes	G/G
251383	osa774345	1	16195788:16195788	C/A	0.443857	C	panicle number	5.09e-06	37.39		29872443		Biologicalprocess(19)		16195788	yes	C/C
253091	osa8418095	5	25132246:25132246	T/C	0.340904	T	seed weight	0.000631			28282385		Plantmorphology(191)		25132246	yes	T/T
253262	osa8495945	5	27018721:27018721	C/T	0.208461	C	seed weight	0.000468			28282385		Plantmorphology(191)		27018721	yes	C/C
253263	osa8495945	5	27018721:27018721	C/T	0.208461	C	seed weight	0.000484			28282385		Plantmorphology(191)		27018721	yes	C/C
258467	osa8742587	6	3018541:3018541	G/A	0.463798	G	stem thickness	1.34e-06			33159401		Plantmorphology(191)		3018541	yes	G/G
258468	osa8742587	6	3018541:3018541	G/A	0.463798	G	stem thickness	1.47e-07			33159401		Plantmorphology(191)		3018541	yes	G/G
258469	osa8742587	6	3018541:3018541	G/A	0.463798	G	stem diameter	0.000507			33159401		Plantmorphology(191)		3018541	yes	G/G
264770	osa8998221	6	8388601:8388601	A/G	0.359406	A	stem diameter	6.73e-12			33159401		Plantmorphology(191)		8388601	yes	A/A
264771	osa8998221	6	8388601:8388601	A/G	0.359406	A	stem diameter	2.07e-11			33159401		Plantmorphology(191)		8388601	yes	A/A
264772	osa8998221	6	8388601:8388601	A/G	0.359406	A	stem diameter	4.49e-11			33159401		Plantmorphology(191)		8388601	yes	A/A
264773	osa8998221	6	8388601:8388601	A/G	0.359406	A	stem thickness	1.76e-15		1.0	33159401		Plantmorphology(191)		8388601	yes	A/A
264774	osa8998221	6	8388601:8388601	A/G	0.359406	A	breaking strength of the basal internode	3.05e-11		1.0	33159401		Plantmorphology(191)		8388601	yes	A/A
264775	osa8998221	6	8388601:8388601	A/G	0.359406	A	stem thickness	2.71e-12			33159401		Plantmorphology(191)		8388601	yes	A/A
264776	osa8998221	6	8388601:8388601	A/G	0.359406	A	stem thickness	6.23e-11			33159401		Plantmorphology(191)		8388601	yes	A/A
267709	osa9043767	6	9467743:9467743	C/A	0.359537	A	days to heading	0.000807			27322545		Plantgrowth_Development(17)		9467743	yes	A/A
269687	osa9081631	6	10270736:10270736	A/C	0.369965	A	shoot dry weight	2.51e-05	8.3		29078746		Plantmorphology(191)		10270736	yes	A/A
269688	osa9081631	6	10270736:10270736	A/C	0.369965	A	plant height	3.58e-06	8.7		29078746		Plantmorphology(191)		10270736	yes	A/A
269689	osa9081631	6	10270736:10270736	A/C	0.369965	A	shoot fresh weight	2.02e-05	8.5		29078746		Plantmorphology(191)		10270736	yes	A/A
270570	osa9160464	6	11638549:11638549	G/A	0.296845	G	seed set percent	3.8e-05			31792643		Plantmorphology(191)		11638549	yes	G/G
271577	osa9223098	6	12897677:12897677	C/T	0.434201	C	root thickness	6.17e-07	0.67		34215814		Plantmorphology(191)		12897677	yes	C/C
271728	osa9342239	6	14866837:14866837	T/C	0.299222	T	seed fertility	0.000663			28282385		Plantmorphology(191)		14866837	yes	T/T
276822	osa9745642	6	22530953:22530953	A/G	0.369984	A	seed fertility	0.000593			28282385		Plantmorphology(191)		22530953	yes	A/A
276833	osa9746209	6	22535003:22535003	C/T	0.474819	C	filled grain number	6.19e-05			31792643		Plantmorphology(191)		22535003	yes	C/C
277230	osa9797488	6	23599942:23599942	G/T	0.374942	G	panicle inflorescence exsertion	8.28e-05			31535313		Plantmorphology(191)		23599942	yes	G/G
277771	osa9834797	6	24466659:24466659	C/T	0.369006	C	cold tolerance	1.41e-06			26381647		Stress(66)		24466659	yes	C/C
